Candidate,Source_Description,URL
Katie Hobbs,Launched Arizona's first AI Steering Committee (19 experts from govt/academia/industry),https://azgovernor.gov/office-arizona-governor/news/2025/05/governor-katie-hobbs-announces-members-arizonas-first-ai
Katie Hobbs,OSI announcement of AI Steering Committee members,https://osi.az.gov/news/governor-katie-hobbs-announces-members-arizonas-first-ai-steering-committee
Katie Hobbs,AZ Tech Council coverage – committee focused on privacy / fairness / access,https://www.aztechcouncil.org/news/governor-hobbs-announces-arizonas-first-ai-steering-committee/
Katie Hobbs,KJZZ coverage – committee to deliver policy recommendations by spring 2026,https://www.kjzz.org/politics/2025-05-21/governor-hobbs-announces-members-of-ai-steering-committee
Andy Biggs,Discussed AI data center growth and SMRs for energy at ASU event,https://news.asu.edu/20250818-local-national-and-global-affairs-us-rep-andy-biggs-arizona-energy-path-asu-event
Andy Biggs,House Oversight Committee AI hearing (June 2025 – transcript),https://www.congress.gov/119/meeting/house/118339/documents/HHRG-119-GO00-Transcript-20250605.pdf
Andy Biggs,Congress.gov profile,https://www.congress.gov/member/andy-biggs/B001302
David Schweikert,'We're in trouble' on AI adoption pace – op-ed on regulating AI,https://schweikert.house.gov/2025/03/27/were-in-trouble-congressman-david-schweikert-on-ai-adoption-societal-resistance-on-regulating-ai/
David Schweikert,Dedicated Innovation & AI issues page,https://schweikert.house.gov/issues/innovation-ai/
David Schweikert,Introduced AI healthcare bills – Healthy Technology Act of 2025 (first AI bills of 119th Congress),https://insideaipolicy.com/ai-daily-news/rep-schweikert-offers-first-ai-bills-119th-congress-focusing-healthcare-uses
David Schweikert,NDAA amendments passed to expand AI integration in Dept of Defense,https://schweikert.house.gov/2025/09/26/congress-votes-yay-on-rep-schweikerts-ndaa-amendments-2025/
David Schweikert,Op-ed: Using AI to stabilize national debt,https://schweikert.house.gov/2024/05/01/schweikert-using-ai-to-our-advantage-can-help-us-stabilize-the-debt/
David Schweikert,American Bazaar coverage of AI adoption / regulation views,https://americanbazaaronline.com/2025/03/27/congressman-david-schweikert-on-ai-adoption-societal-resistance-on-regulating-ai-461187/
Tom Steyer,"Steyer AI/tech plan: tougher AI regulations, sovereign wealth fund from AI profits, require data centers to pay their own way, protect workers and kids from AI",https://www.eenews.net/articles/tom-steyers-tech-and-ai-plan/
Tom Steyer,"Axios: Steyer joins race — emphasizes AI regulation as major issue, refuses to let California's AI boom benefit only billionaires",https://www.axios.com/2025/11/19/tom-steyer-2026-race-california-governor
Tom Steyer,"CalMatters: Steyer first major candidate to detail AI policy — sovereign wealth fund, data center costs, worker protections",https://calmatters.org/politics/2025/11/california-governors-race-tom-steyer/
Katie Porter,"CalMatters 2024 Senate voter guide: Porter called for 'meaningful regulation of AI, as well as greater clean energy investments that empower workers'",https://calmatters.org/california-voter-guide-2024/us-senate/katie-porter/
Katie Porter,Katie Porter campaign website — official platform,https://katieporter.com/
Eric Swalwell,Swalwell serves on House Courts/IP/Artificial Intelligence/Internet subcommittee — key AI oversight role in Congress,https://swalwell.house.gov/about/committees-and-caucuses
Eric Swalwell,Swalwell tweet mocking Greene for missing AI state-preemption clause in OBBBA — voted against the bill (which contained 10-year moratorium on state AI laws),https://x.com/RepSwalwell/status/1929953816709083470
Eric Swalwell,Swalwell announces 2026 governor bid — background includes congressional AI oversight work,https://calmatters.org/politics/2026/03/california-governor-candidates/
Antonio Villaraigosa,"Villaraigosa campaign focuses on public safety, housing, affordability — no AI policy positions found; recently served as Coinbase advisor",https://www.antonio2026.com/
Antonio Villaraigosa,CalMatters profile: Villaraigosa on second gubernatorial run — no tech/AI platform mentioned,https://calmatters.org/newsletter/antonio-villaraigosa-california-governor-2026/
Xavier Becerra,Becerra campaign focuses on healthcare and affordability — no AI policy positions found despite serving as HHS Secretary during major AI health debates,https://www.xavierbecerra2026.com/
Xavier Becerra,SF Examiner profile of Becerra's 2026 candidacy — no AI positions mentioned,https://www.sfexaminer.com/news/politics/2026-california-governor-race-get-to-know-xavier-beccera/article_00b241f6-3fd1-456f-bb91-9a3162a89241.html
Tony Thurmond,Thurmond convened CA AI in Education workgroup as Superintendent — 'AI should complement not replace' human relationships; focused on K-12 AI literacy,https://www.cde.ca.gov/nr/ne/yr25/yr25rel39.asp
Tony Thurmond,AACTE: Thurmond sponsored SB 1288 establishing CA as first state with legislatively mandated statewide K-12 AI workgroup,https://edprepmatters.aacte.org/california-convenes-statewide-ai-in-education-workgroup-for-public-schools/
Matt Mahan,Bloomberg: Mahan aims to make San Jose 'most AI-enabled city hall' — pushing AI adoption across 7000 city workers,https://www.bloomberg.com/news/articles/2025-07-18/san-jose-mayor-vies-to-create-most-ai-enabled-city-hall
Matt Mahan,"Semafor: Mahan using AI to speed up transportation and government — 20% bus speed improvement, AI grant-writing",https://www.semafor.com/article/09/05/2025/how-san-joses-mayor-is-using-ai-to-speed-up-transportation-government
Matt Mahan,"Bay Area Council: Mahan launches 'AI for All' platform with tech companies — frames AI adoption as civic good, no safety regulation positions",https://www.bayareacouncil.org/artificial-intelligence/council-partners-with-san-jose-mayor-matt-mahan-tech-companies-to-launch-ai-for-all-platform/
Matt Mahan,San Jose Mayor's office: $200K grants to early-stage AI startups — active AI industry incentive program,https://www.sjmayormatt.com/news-room/proposed-last-year-by-mayor-matt-mahan-applications-open-today-for-50k-grants-to-support-early-stage-ai-startups-looking-to-join-vibrant-tech-ecosystem-in-san-jos
Ian Calderon,CalMatters: confirmed filed candidate — former Assembly majority leader; no AI policy positions found,https://calmatters.org/politics/2026/03/california-governor-candidates/
Steve Hilton,"Hilton campaign platform: lower taxes, ease business regulations, deregulation-first agenda — no AI safety positions; echoes anti-China AI arms race framing",https://stevehiltonforgovernor.com/
Steve Hilton,"SF Examiner: Hilton outlines governor plans — gas prices, tax cuts, homelessness; regulation removal central to platform",https://www.sfexaminer.com/news/politics/republican-steve-hilton-outlines-california-governor-plans/article_9d22eb1c-91a6-40b7-bbe7-0151f84fd392.html
Steve Hilton,Fox News/Hilton op-ed: China will use AI against us — anti-China framing to justify deregulating US AI development,https://www.foxnews.com/opinion/steve-hilton-silicon-valleys-surveillance-capitalism-has-resulted-in-big-tech-killing-off-human-privacy
Chad Bianco,ABC7: Bianco says he's 'antithesis to California state government' — will 'take a nuclear bomb' to Sacramento; 'regulations destroying this state are going to be removed with me as governor',https://abc7.com/post/republican-governor-candidate-chad-bianco-says-hes-antithesis-california-state-government/18677627/
Chad Bianco,Bianco campaign priorities page — tech sector framing is 'innovation capital' without any safety or oversight positions,https://biancoforgovernor.com/priorities/
John Hickenlooper,Hickenlooper introduced VET AI Act — directs NIST to develop guidelines for independent third-party audits of AI systems; passed Senate Commerce Committee,https://www.hickenlooper.senate.gov/press_releases/hickenlooper-capito-reintroduce-bipartisan-bill-to-boost-ai-standards-create-guidelines-for-third-party-evaluations-of-ai/
John Hickenlooper,Hickenlooper introduced ARIA Act (AI Research Innovation and Accountability Act) — establishes transparency measures for AI developers and deployers,https://www.hickenlooper.senate.gov/press_releases/hickenlooper-bipartisan-senators-introduce-ai-bill-to-accelerate-innovation-strengthen-u-s-leadership/
John Hickenlooper,Hickenlooper chaired Senate Commerce subcommittee hearing on AI transparency and consumer trust; proposed AI auditing standards and consumer data protections,https://www.hickenlooper.senate.gov/press_releases/video-hickenlooper-chairs-senate-hearing-on-protecting-consumers-from-ai-deepfakes/
John Hickenlooper,"Hickenlooper co-sponsored TAKE IT DOWN Act — criminalizes AI-generated deepfake pornography, requires platform removal",https://www.hickenlooper.senate.gov/press_releases/icymi-hickenlooper-charts-path-for-ai-regulation/
John Hickenlooper,Hickenlooper + Thune urge federal AI standards: 'consumers should be empowered to trust the AI systems they interact with',https://www.hickenlooper.senate.gov/press_releases/hickenlooper-thune-urge-federal-action-on-artificial-intelligence/
John Hickenlooper,On AI self-regulation: 'We can't let an industry with so many unknowns and potential harms police itself' — called for qualified third-party audits,https://www.hickenlooper.senate.gov/press_releases/hickenlooper-proposes-ai-auditing-standards-calls-for-protecting-consumer-data-increasing-transparency/
Julie Gonzales,Gonzales engaged in CO AI law negotiations as state senator: 'All thirty-five of us know the stunning brunt of AI leverage' — specific positions not documented for Senate campaign,https://coloradosun.com/2025/08/25/colorado-ai-law-tweak-dies/
Julie Gonzales,Gonzales Senate campaign platform: running as progressive challenger to Hickenlooper — no AI-specific Senate campaign positions found,https://www.julieforcolorado.com
Mark Baisley,Baisley wants to repeal Colorado SB 205 (landmark state AI regulation law) — replace software-level regulation with just an anti-discrimination statement; 'the new AI law takes the wrong approach',https://www.coloradopolitics.com/2025/08/13/amend-or-repeal-proposals-surface-to-effectively-undo-ai-regulation-law-in-colorado-2/
Mark Baisley,"Baisley: 'critical that we fix Colorado's AI law to keep jobs in Colorado' — frames AI deregulation as economic development, not safety",https://coloradopolitics.com/news/artificial-intelligence-regulations-in-colorado/article_d566655d-da19-49b5-90f1-5db762a62192.html
Janak Joshi,"Joshi: former state Rep, first-time Senate candidate — no AI policy positions found",https://ballotpedia.org/Janak_Joshi
Byron Donalds,Donalds breaks with DeSantis — calls AI 'something magical' and embraces 'creative destruction'; explicitly opposes state-level AI regulation,https://floridapolitics.com/archives/778801-byron-donalds-breaks-with-ron-desantis-on-magical-ai-embraces-technologys-creative-destruction/
Byron Donalds,AI super PAC 'Leading the Future' pledges $5M to Donalds — funded by OpenAI co-founder Greg Brockman and Andreessen Horowitz; industry bet against DeSantis-style regulation,https://www.nbcnews.com/politics/2026-election/super-pac-backed-ai-titans-pledges-5-million-boost-byron-donalds-run-f-rcna258612
Byron Donalds,Donalds: 'parents and Florida should lead regulation of AI' — frames as pro-innovation with only minimal guardrails on IP and deepfakes,https://floridianpress.com/2026/02/byron-donalds-says-parents-florida-should-lead-regulation-of-ai/
Byron Donalds,Donalds supports AI data center expansion in FL; dismisses 'performative' AI critiques; proposes nuclear power to support data center energy demand,https://floridapolitics.com/archives/781341-ai-donalds-byron/
Paul Renner,Renner called Donalds' AI data center support 'greed-mongering at its worst' — criticized collusion between Big Tech and utility companies; demanded Donalds renounce AI data center funding,https://voterenner.com/paul-renner-for-governor-byron-donalds-the-state-of-florida-is-not-for-sale/
Paul Renner,Renner supports using AI to detect government corruption; wants parental opt-in for children's AI use; favors age restrictions; opposes unregulated data center expansion,https://www.wlrn.org/government-politics/2025-09-03/former-florida-house-speaker-paul-renner-enters-race-for-florida-governor/
James Fishback,Fishback pledges to block AI data center construction as governor — motivated by energy cost increases (30-40%) and water usage (500K+ gallons/day); not specifically AI safety-focused,https://x.com/j_fishback/status/2000223922143273227
Jay Collins,Collins (Lt. Gov.) warned about AI energy demands and 'dangers of flawed data influencing public opinion'; expressed concern about children's mental health from AI relationships — no legislative AI record,https://www.news4jax.com/news/local/2026/01/18/lt-gov-jay-collins-enters-governors-race-emphasizing-economy-education-and-community-safety/
David Jolly,"Jolly campaign focuses on affordability, insurance reform, gun safety — no AI-specific policy positions found across website or news coverage",https://floridaphoenix.com/2025/06/05/its-official-david-jolly-is-a-democratic-candidate-for-governor-in-26/
Jerry Demings,"Demings touts Orange County's 20-year AI use: prevented 4M+ cyber intrusions, AI-powered 911 translation, traffic optimization — pragmatic government user; no AI regulatory stance published",https://theapopkachief.com/demings-touts-fiscal-prudence-ai-use-in-2025-state-of-county/
Jason Esteves,Served on Georgia Senate Study Committee on Artificial Intelligence (2024); co-sponsored SB 37 (AI Accountability Act) to create state AI board and require all government entities to develop AI usage plans; stated 'the legislature must support AI while also protecting people from its repercussions',https://ballotpedia.org/Jason_Esteves
Jason Esteves,SB 37 would have required local governments to report AI system usage and created a Georgia Board for Artificial Intelligence — bill did not pass but reflects clear regulatory posture on accountability and oversight,https://atlantaciviccircle.org/2025/03/12/georgia-artificial-intelligence-ai-state-bill-local-government/
Michael Thurmond,Thurmond has made AI workforce readiness a campaign pillar — wants to build 'most AI-proficient workforce in America' using GA technical colleges and universities; focuses on retraining workers for AI economy; no regulatory stance found,https://ballotpedia.org/Michael_Thurmond
Michael Thurmond,"Thurmond stated 'there's a major transformation taking place, and we are not doing enough as a state to retool the current workforce and to prepare our students to be successful' — framing AI as economic opportunity, not regulatory challenge",https://www.gpb.org/news/2025/08/06/democrat-michael-thurmond-launches-2026-run-for-georgia-governor
Keisha Lance Bottoms,"Campaign focuses on Medicaid expansion, teacher tax relief, housing, and healthcare; joined Coinbase advisory council (crypto) but no AI governance or safety positions identified in gubernatorial campaign",https://ballotpedia.org/Keisha_Lance_Bottoms
Geoff Duncan,Former Lt. Gov. championed GA as 'Technology Capital of the East Coast' and launched Partnership for Inclusive Innovation; no AI safety or regulation positions identified in current governor's race campaign,https://ballotpedia.org/Geoff_Duncan
Burt Jones,"As Lt. Governor, empaneled 2025 Senate Study Committee on Impact of Social Media and Artificial Intelligence on Children; backed child safety social media law; no AI governance planks in governor's campaign",https://ballotpedia.org/Burt_Jones
Burt Jones,Large AI data center project proposed on Jones family land in Butts County — raises conflict-of-interest concerns about his relationship to AI infrastructure; framed as economic development not regulation,https://ltgov.georgia.gov/press-releases/2025-05-22/2025-senate-study-committee-appointments
Brad Raffensperger,"Warned publicly about AI deepfake threats to elections; stated 'We're very concerned, because what happens when the fake is so good you don't even know that you've been faked out?' — called for election official preparedness against AI-generated disinformation",https://ballotpedia.org/Brad_Raffensperger
Brad Raffensperger,Referenced AI-generated Biden robocall (NH 2024) as warning example of AI election interference; advocates resources and training for election officials to combat AI threats; framed as preparedness not regulation,https://dailyprogress.com/news/local/government-politics/ai-threat-haunting-2024-elections-says-brad-raffensperger/article_83fdeee2-f5b2-11ee-90e4-5b8822928919.html
Gregg Kirkpatrick,Proposes using AI in government via 'Department of Anti-Corruption' to reduce waste; advocates for responsible AI data center growth requiring environmental protection plans from operators; most explicit AI policy platform in Republican field,https://ballotpedia.org/Gregg_Kirkpatrick
Chris Carr,"No AI positions identified; campaign focuses on public safety, job creation, cost of living, and mental health — no AI regulatory actions from AG office",https://ballotpedia.org/Chris_Carr_(Georgia)
Jon Ossoff,AI & Human Rights hearing (chaired – Senate Human Rights Subcommittee),https://www.ossoff.senate.gov/press-releases/watch-sen-ossoff-convenes-hearing-on-implications-of-artificial-intelligence-for-human-rights/
Jon Ossoff,Oversight of AI: Rules for Artificial Intelligence – Senate hearing (participated),https://www.congress.gov/event/118th-congress/senate-event/LC71543/text
Jon Ossoff,DoD/Grok inquiry – pushed back on Pentagon using xAI Grok over antisemitic outputs,https://www.ossoff.senate.gov/press-releases/sen-ossoff-colleagues-launch-inquiry-into-department-of-defenses-use-of-ai-software-known-for-antisemitic-content/
Jon Ossoff,General legislation tracker (GovTrack),https://www.govtrack.us/congress/members/jon_ossoff/456857
Mike Collins,Federal Science Agencies and the Promise of AI hearing – opening statement (chaired),https://science.house.gov/2024/2/opening-statement-of-subcommittee-chairman-mike-collins-at-joint-research-technology-and-energy-subcommittee-hearing-federal-science-agencies-and-the-promise-of-ai-in-driving-scientific-discoveries
Mike Collins,Federal Science Agencies and the Promise of AI – full hearing record (Congress.gov),https://www.congress.gov/event/118th-congress/house-event/LC74488/text
Mike Collins,AI deepfake campaign ad of Ossoff – CBS Atlanta coverage,https://www.cbsnews.com/atlanta/news/georgia-rep-mike-collins-campaign-uses-ai-generated-deepfake-of-senator-jon-ossoff-in-tight-senate-showdown/
Mike Collins,AI deepfake campaign ad – ethical concerns coverage,https://www.atlantanewsfirst.com/2025/11/18/ai-campaign-ad-hotly-contested-us-senate-race-raises-ethical-questions/
Buddy Carter,Congress.gov profile (Energy & Commerce Committee),https://www.congress.gov/member/earl-carter/C001103
Buddy Carter,Ballotpedia profile,https://ballotpedia.org/Earl_%22Buddy%22_Carter
Derek Dooley,Ballotpedia profile,https://ballotpedia.org/Derek_Dooley
Ashley Hinson,Hinson (Rep. IA-2) supports AI for rural economic development (Google/Microsoft data centers) and national security competitiveness vs. China — no AI safety or consumer protection positions identified,https://punchbowl.news/the-ones-to-watch/advancing-with-ai/ashley-hinson/
Nathan Sage,"Sage (Marine/Army veteran, sports announcer) entered race to connect with working-class voters — no AI policy positions identified",https://www.nbcnews.com/politics/2026-election/iowa-sen-joni-ernst-first-democratic-challenger-2026-nathan-sage-rcna201299
J.D. Scholten,"Scholten (IA state Rep., former pro baseball player) entered race after Ernst's Medicaid comments — no AI policy positions identified",https://www.thegazette.com/campaigns-elections/iowa-veteran-democrat-launches-senate-bid-against-joni-ernst/
Juliana Stratton,Stratton platform: restrict landlords from using AI to set rents/screen applicants; workers must have seat at table on AI implementation; protect jobs displaced by AI,https://capitolnewsillinois.com/news/stratton-aims-to-bring-pritzker-administration-policies-to-national-stage/
Juliana Stratton,"Stratton blueprint: AI innovation must not benefit only the wealthy — worker upskilling, anti-offshoring, pro-worker AI implementation rules",https://capitolnewsillinois.com/wp-content/uploads/2025/10/JS-LG-Blueprint-Issue-Pamphlet.pdf
Juliana Stratton,IL Pritzker admin (which Stratton seeks to bring to national stage) signed employer AI notification law + anti-discrimination in AI hiring decisions,https://www.employmentlawinsights.com/2024/08/illinois-civil-rights-protection-goes-high-tech-illinois-human-rights-act-expanded-to-include-ai-regulation/
Raja Krishnamoorthi,"Krishnamoorthi: 'We can't repeat with AI what we did with social media' — co-chair of Congressional AI Caucus, pushes for AI safeguards",https://www.nbcchicago.com/illinois-election-2026/raja-krishnamoorthi-lays-out-his-case-in-2026-illinois-senate-primary/3904645/
Raja Krishnamoorthi,Krishnamoorthi + Moolenaar introduce No Adversarial AI Act to bar federal agencies from DeepSeek and CCP-linked AI — China arms race framing,https://democrats-selectcommitteeontheccp.house.gov/media/press-releases/krishnamoorthi-and-moolenaar-lead-bipartisan-bicameral-bill-protect-federal
Raja Krishnamoorthi,Krishnamoorthi + Bera: legislation requiring Congressional approval before sale of advanced AI chips to China — export control focus,https://democrats-selectcommitteeontheccp.house.gov/media/press-releases/krishnamoorthi-bera-introduce-legislation-require-congressional-approval-sale
Raja Krishnamoorthi,Ranking Member of House Select Committee on CCP — his AI work overwhelmingly framed around US-China competition not domestic safety,https://democrats-selectcommitteeontheccp.house.gov/about-committee/ranking-member-raja-krishnamoorthi
Robin Kelly,Kelly tech platform: ensure workers 'prepared to work with AI as a positive tool' — no safety regulation positions; bipartisan work with Hurd to cut China AI chip access and push US AI development,https://robinkelly.house.gov/issues/technology-and-telecommunications
Robin Kelly,"Kelly-Hurd bipartisan plan: cut China's AI chip access, push US resources toward AI development — arms race framing, no safety dimension",https://robinkelly.house.gov/media-center/in-the-news/whats-bipartisan-plan-ai-and-national-security
Robin Kelly,"CBS Chicago 2026 candidate profile: Kelly focuses on Medicare for All, wages, childcare — no AI safety positions in campaign platform",https://www.cbsnews.com/chicago/news/senate-candidate-profile-illinois-congresswoman-robin-kelly/
Don Tracy,"Tracy campaign platform: lower cost of living, decrease tax burden, border security — no AI policy positions found; former IL GOP chairman",https://chicago.suntimes.com/elections/2026/candidate-questionnaires/don-tracy-illinois-primary-united-states-senate
Don Tracy,"IL GOP Senate debate: Tracy, Evans, Chlebek pitched on cost-of-living and border issues — no AI positions surfaced",https://www.stlpr.org/government-politics-issues/2026-02-12/illinois-gop-senate-candidates-first-major-debate
Ed Markey,"Markey introduced AI Civil Rights Act — comprehensive guardrails on algorithmic decisions; requires pre/post-deployment testing; targets bias in hiring, housing, credit, healthcare",https://www.markey.senate.gov/news/press-releases/senator-markey-introduces-ai-civil-rights-act-to-eliminate-ai-bias-enact-guardrails-on-use-of-algorithms-in-decisions-impacting-peoples-rights-civil-liberties-livelihoods
Ed Markey,Markey introduced States' Right to Regulate AI Act (Dec 2025) — led 10 colleagues to block Trump executive order preempting state AI regulation; 'states should be able to protect their residents',https://www.markey.senate.gov/news/press-releases/senator-markey-introduces-legislation-to-block-trumps-executive-order-blocking-state-ai-regulation
Ed Markey,Markey touted win when Senate scrapped proposal to ban state AI regulation (July 2025) — had fought 10-year federal preemption moratorium included in budget reconciliation,https://www.wbur.org/news/2025/07/01/ai-regulation-states-scrapped
Ed Markey,Markey introduced Eliminating BIAS Act — requires every federal agency that uses or funds AI to have a civil rights office focused on combating AI discrimination,https://www.markey.senate.gov/news/press-releases/sen-markey-rep-lee-reintroduce-legislation-to-mandate-civil-rights-offices-in-federal-agencies-that-manage-artificial-intelligence
Ed Markey,Markey co-introduced AI Environmental Impacts Act with Heinrich — requires NIST to develop standards measuring AI energy/water use and e-waste,https://www.markey.senate.gov/news/press-releases/markey-heinrich-eshoo-beyer-introduce-legislation-to-investigate-measure-environmental-impacts-of-artificial-intelligence
Ed Markey,Markey introduced bipartisan Strategy for Public Health Preparedness and Response to AI Threats Act — prepares federal public health infrastructure for AI-enabled health threats,https://www.markey.senate.gov/news/press-releases/markey-budd-introduce-bipartisan-bill-to-prepare-for-ai-public-health-threats
Seth Moulton,Moulton (Armed Services Committee) calls for 'Geneva Convention for AI' — wants international treaty framework for autonomous weapons; warned AI weapons could surpass nuclear weapons in danger,https://www.bostonglobe.com/2023/05/24/opinion/seth-moulton-ai-autonomous-weapons/
Seth Moulton,Moulton also advocates faster US military AI adoption: 'every new weapons system should have an AI component'; led Future of Defense Task Force on AI integration,https://defensescoop.com/2022/11/23/hasc-lawmaker-seth-moulton-urges-faster-adoption-and-more-restraint-of-military-ai/
John Deaton,"Deaton (crypto/blockchain attorney, 2024 Senate candidate against Warren) — no AI safety or regulation positions identified; campaign focused on crypto rights and constitutional law",https://ballotpedia.org/John_Deaton
Wes Moore,"Moore signed executive order (Jan 2024) on responsible AI in state government — established principles of fairness, equity, privacy, safety, transparency, accountability; created AI Subcabinet to develop guardrails for all state agencies",https://governor.maryland.gov/news/press/pages/governor-moore-announces-action-to-transform-maryland-executive-branch-digital-services.aspx
Wes Moore,Moore's AI executive order established comprehensive AI action plan for state government; directed AI Subcabinet to operationalize safety principles; paired with digital accessibility policy and cybersecurity task force,https://www.washingtonpost.com/dc-md-va/2024/01/08/maryland-ai-government-wes-moore/
John Myrick,Myrick is the main filed Republican challenger — no AI policy positions identified; Republican field includes no major technology-focused candidates,https://electiondesk.org/2026/01/13/2026-maryland-governors-race-what-we-know-so-far/
Janet Mills,Mills signed exec order creating Maine AI Task Force (Dec 2024) — 34 recommendations to 'strengthen guardrails against potential harms' while bolstering innovation,https://www.maine.gov/governor/mills/news/governor-mills-signs-executive-order-establishing-task-force-artificial-intelligence-2024-12
Janet Mills,"Task Force final report: 34 recommendations covering workforce, public sector deployment, and consumer protections — Mills allocated $6.7M in budget for AI safeguards",https://www.maine.gov/governor/mills/news/task-force-releases-report-artificial-intelligence-maine-2025-11-10
Janet Mills,Mills signed AI chatbot transparency law: prohibits misleading consumers into thinking they're talking to a human,https://www.verrill-law.com/news/maine-law-now-requires-limited-disclosures-of-artificial-intelligence-technology/
Janet Mills,Mills signed two AI deepfake protection bills — updated state law to cover AI-generated non-consensual intimate images,https://www.maine.gov/housedems/news/governor-signs-kuhn-legislation-protect-mainers-deceptive-artificial-intelligence
Susan Collins,Collins co-sponsored Protect Elections from Deceptive AI Act — bipartisan bill banning AI-generated deepfakes in political ads,https://www.collins.senate.gov/newsroom/senator-collins-bipartisan-group-introduce-bill-to-ban-deceptive-ai-generated-content-in-elections
Susan Collins,Collins + Klobuchar introduced Preparing Election Administrators for AI Act — voluntary EAC guidelines for election offices on AI risks and disinformation,https://www.collins.senate.gov/newsroom/senators-collins-klobuchar-introduce-bipartisan-bill-to-provide-ai-guidelines-for-election-offices
Susan Collins,Collins joined bipartisan amendment (passed 99-1) to STRIKE 10-year state AI law moratorium from reconciliation bill — actively opposed federal preemption of state AI regulation,https://www.nextgov.com/artificial-intelligence/2025/07/senate-overwhelmingly-passes-amendment-removing-state-ai-moratorium/406448/
Susan Collins,39 Maine state lawmakers signed letter urging Collins to oppose AI moratorium — she complied; broke with Cruz and Senate GOP leadership on this,https://www.maine.gov/housedems/news/39-state-lawmakers-sign-letter-calling-sen-collins-oppose-ai-regulation-moratorium
Graham Platner,"Platner campaign: veteran, oyster farmer, anti-establishment economic populist — no AI policy positions found",https://www.grahamforsenate.com
Graham Platner,PBS profile: Platner focuses on working class economics and anti-oligarchy message — no tech or AI positions mentioned,https://www.pbs.org/newshour/politics/maines-graham-platner-thinks-voters-will-overlook-his-past-to-support-a-new-type-of-candidate
Jocelyn Benson,Pushed to regulate AI in political ads – Michigan joined effort to require deepfake disclosure,https://www.pbs.org/newshour/politics/michigan-to-join-state-level-effort-to-regulate-ai-political-ads-as-federal-legislation-is-pending
Jocelyn Benson,Called on Senate to pass federal Deceptive AI Act – argued states need federal funding to tackle AI challenges,https://gandernewsroom.com/2023/11/29/michigan-to-join-effort-to-regulate-deepfake-political-ads/
Jocelyn Benson,Wants data centers to create good-paying union jobs while protecting natural resources and lowering energy costs,https://eu.detroitnews.com/story/news/politics/2026/02/21/michigan-democrats-data-center-jocelyn-benson-tom-leonard-ice-baldwin-haley-stevens-hillary-scholten/88775665007/
Jocelyn Benson,Conflict of interest flag: husband tied to major data center project in Saline MI – says he will recuse if she's elected,https://michiganadvance.com/2025/11/14/bensons-husband-to-recuse-from-state-work-on-controversial-data-center-if-she-is-elected-governor/
Jocelyn Benson,Campaign website,https://www.jocelynbenson.com/
John James,Campaign website,https://johnjamesmi.com/
John James,Ballotpedia profile,https://ballotpedia.org/John_James_(Michigan)
John James,Wikipedia profile,https://en.wikipedia.org/wiki/John_James_(Michigan_politician)
Mike Duggan,Bridge Michigan – Duggan running as independent after leaving Democratic Party,https://bridgemi.com/michigan-government/whos-running-michigan-governor-former-house-speaker-tom-leonard-jumps/
Mallory McMorrow,Issued policy plan taking on Big Tech to keep kids safe – Axios exclusive,https://www.axios.com/2026/02/09/senate-mallory-mcmorrow-michigan-kids-online-safety
Mallory McMorrow,Sponsored legislation targeting predatory AI chatbots and social media addiction – Michigan Advance,https://michiganadvance.com/2026/01/22/predatory-ai-social-media-addiction-targeted-by-new-legislation-from-michigan-senate-democrats/
Mallory McMorrow,Plan: hold platforms accountable for AI chatbots promoting suicide / eating disorders / substance abuse to minors,https://michiganadvance.com/2026/02/09/mcmorrow-issues-policy-plan-taking-on-big-tech-to-keep-kids-safe/
Mallory McMorrow,Plan: prohibit AI chatbots from misrepresenting output as coming from licensed professionals (doctors / lawyers / therapists),https://gandernewsroom.com/2026/02/09/michigans-mallory-mcmorrow-takes-on-big-tech-as-us-senate-run-heats-up/
Mallory McMorrow,Said Michigan has opportunity to handle AI infrastructure properly where other states have failed,https://michiganadvance.com/2026/02/09/mcmorrow-issues-policy-plan-taking-on-big-tech-to-keep-kids-safe/
Mallory McMorrow,Campaign website,https://senatedems.com/mcmorrow/
Mike Rogers,Campaign website – national security / cybersecurity focus but no AI policy positions,https://rogersforsenate.com/
Mike Rogers,Wikipedia profile,https://en.wikipedia.org/wiki/Mike_Rogers_(Michigan_politician)
Mike Rogers,Congress.gov profile,https://www.congress.gov/member/mike-rogers/R000572
Abdul El-Sayed,Ballotpedia profile,https://ballotpedia.org/Abdul_El-Sayed
Haley Stevens,Congress.gov profile,https://www.congress.gov/member/haley-stevens/S001215
Amy Klobuchar,Klobuchar co-authored TAKE IT DOWN Act — criminalizes AI-generated deepfake pornography; requires platform removal within 48 hours; signed into law May 2025,https://www.klobuchar.senate.gov/public/index.cfm/2025/5/klobuchar-s-bipartisan-take-it-down-act-signed-into-law
Amy Klobuchar,"Klobuchar co-authored NO FAKES Act — creates federal right to one's own voice/likeness; prohibits unauthorized AI-generated digital replicas; backed by OpenAI, Disney, SAG-AFTRA",https://www.coons.senate.gov/news/press-releases/senators-coons-blackburn-klobuchar-tillis-introduce-bill-to-protect-individuals-voices-and-likenesses-from-ai-generated-replicas/
Amy Klobuchar,Klobuchar co-authored Protect Elections from Deceptive AI Act — prohibits AI deepfakes of federal candidates in political ads; advanced out of Rules Committee 2024,https://www.klobuchar.senate.gov/public/index.cfm/2024/5/klobuchar-statement-on-rules-committee-passage-of-three-bipartisan-ai-and-elections-bills
Amy Klobuchar,"Klobuchar co-authored AIRIA Act — establishes testing standards for high-risk AI, transparency requirements, and watermarking research",https://www.klobuchar.senate.gov/public/index.cfm/2023/11/klobuchar-thune-commerce-committee-colleagues-introduce-bipartisan-ai-bill-to-strengthen-accountability-and-boost-innovation
Amy Klobuchar,Klobuchar personally victimized by AI deepfake voice impersonation on X; wrote NYT op-ed on 'powerlessness' to get it removed; renewed legislative push for NO FAKES Act,https://aicommission.org/2025/08/press-release-klobuchar-discusses-ai-deepfake-experience-and-calls-for-legislative-action-in-new-op-ed/
Amy Klobuchar,Klobuchar co-signed Senate Bipartisan AI Policy Roadmap (May 2024); chaired Rules Committee hearings on AI in elections; one of the most prolific AI legislators in the Senate,https://www.klobuchar.senate.gov/public/index.cfm/2024/5/klobuchar-statement-on-bipartisan-senate-ai-working-group-roadmap
Lisa Demuth,"Demuth (MN House Speaker, GOP frontrunner) backed AI tools for fraud prevention in state programs — pragmatic government use; no AI safety or regulation positions identified",https://www.axios.com/local/twin-cities/2026/01/09/legislative-leaders-ai-tools-fraud-minnesota
Kendall Qualls,"Qualls (healthcare technology executive, 2022 gov. candidate) — no AI policy positions found; campaign focuses on affordability, public safety, and immigration",https://www.mprnews.org/story/2025/05/08/qualls-makes-second-run-for-minnesota-governor
Peggy Flanagan,Flanagan (Lt. Gov.) opposes Trump/HHS use of AI for Medicare prior authorizations — framing it as AI overriding doctors; no broader AI governance positions found,https://peggyflanagan.com/priorities/
Angie Craig,"Craig (Rep. MN-2) introduced Seniors Deserve SMARTER Care Act to block AI in Medicare coverage decisions; pressed Instacart on AI price discrimination — narrow healthcare/consumer focus, no comprehensive AI governance",https://craig.house.gov/media/press-releases/rep-craig-introduces-bill-block-use-ai-medicare-coverage-decisions-prevent
Melissa Lopez Franzen,Lopez Franzen (former MN state senator) entered Democratic primary March 2026 — no AI policy positions identified,https://en.wikipedia.org/wiki/2026_United_States_Senate_election_in_Minnesota
Royce White,"White (2024 Senate nominee, lost by 16pts) — campaign centers on border security and populist nationalism; no AI policy positions identified",https://ballotpedia.org/Royce_White
David Hann,"Hann (former MN Senate Minority Leader, MN GOP Chair) — campaign focuses on affordability and public safety; no AI-specific positions identified",https://www.hannforsenate.com/
Roy Cooper,Executive Order No. 24 – Advancing Trustworthy AI That Benefits All North Carolinians,https://governor.nc.gov/executive-order-no-24-advancing-trustworthy-artificial-intelligence-benefits-all-north-carolinians
Roy Cooper,Established NC AI Leadership Council to advise governor and state agencies on AI strategy,https://it.nc.gov/resources/artificial-intelligence
Roy Cooper,Published NC State Government Responsible Use of AI Framework (Aug 2024) – privacy / transparency / risk reduction,https://it.nc.gov/documents/nc-state-government-responsible-use-artificial-intelligence-framework/download?attachment=
Roy Cooper,Principles for Responsible Use of AI – NCDIT,https://it.nc.gov/resources/artificial-intelligence/principles-responsible-use-ai
Roy Cooper,NASBE analysis of NC AI guidelines under Cooper,https://www.nasbe.org/opportunities-and-challenges-insights-from-north-carolinas-ai-guidelines/
Roy Cooper,Campaign website,https://roycooper.com/
Michael Whatley,Wikipedia profile – no AI regulation record,https://en.wikipedia.org/wiki/Michael_Whatley
Michael Whatley,Ballotpedia profile,https://ballotpedia.org/Michael_Whatley
Michael Whatley,Mentioned AI data centers and energy mix in campaign – no regulatory stance,https://theappalachianonline.com/what-to-know-about-michael-whatley-the-wnc-native-running-for-us-senate-in-2026/
Michael Whatley,Campaign website,https://www.michaelwhatley.com
Chris Pappas,Led NH delegation urging FCC/FEC to prevent AI robocalls,https://pappas.house.gov/media/press-releases/pappas-leads-nh-delegation-in-urging-further-coordination-to-prevent-ai-robocalls-applauds-recent-efforts-to-protect-nh-voters
Chris Pappas,Raised concern about improper AI use in Medicare Advantage prior auth denials,https://pappas.house.gov/media/press-releases/pappas-raises-concern-about-improper-use-of-ai-by-medicare-advantage-providers
Chris Pappas,General legislation tracker (Congress.gov),https://www.congress.gov/member/chris-pappas/P000614
Karishma Manzur,Ballotpedia profile,https://ballotpedia.org/Karishma_Manzur
Karishma Manzur,Campaign website,https://www.karishmaforsenate.com/
John Sununu,Ballotpedia profile,https://news.ballotpedia.org/2025/10/24/john-e-sununu-is-the-third-former-senator-running-in-2026/
John Sununu,Campaign website,https://www.sununusenator.com/
John Sununu,Wikipedia (Senate record 2003-2009),https://en.wikipedia.org/wiki/John_E._Sununu
Scott Brown,Ballotpedia profile,https://ballotpedia.org/Scott_Brown_(Massachusetts)
Scott Brown,Campaign website,https://scottbrown.com/
Ben Ray Lujan,"Lujan introduced TEST AI Act — bipartisan bill directing NIST and DOE national labs (Sandia, Los Alamos) to build federal AI testing infrastructure; quoted: 'responsible guardrails that protect our national security'",https://www.lujan.senate.gov/newsroom/press-releases/lujan-colleagues-introduce-bipartisan-legislation-to-improve-ai-testing-and-evaluation-systems-safeguard-americans-against-risks/
Ben Ray Lujan,Lujan secured $762K for NM State University AI curriculum development in FY2026 appropriations; engaged NIST and DOE national labs on AI guardrails over multiple years,https://www.lujan.senate.gov/
Benjamin Luna,"Luna (entrepreneur, independent journalist) — declared Republican primary candidate; no AI policy positions identified",https://ballotpedia.org/Benjamin_Luna
Kathy Hochul,"Hochul signed the RAISE Act (Dec 2025) — nation-leading law requiring frontier AI developers ($100M+ compute) to publish safety protocols, report incidents within 72 hours; $1M-$3M penalties",https://www.governor.ny.gov/news/governor-hochul-signs-nation-leading-legislation-require-ai-frameworks-ai-frontier-models
Kathy Hochul,"Hochul launched Empire AI Consortium — $500M+ public/private investment in AI supercomputing at University at Buffalo; members include Columbia, Cornell, NYU, RPI, CUNY, SUNY",https://www.governor.ny.gov/news/governor-hochul-launches-empire-ai-consortium-make-new-york-global-leader-artificial
Kathy Hochul,Hochul signed SAG-AFTRA-backed bills (Dec 2025) — requires disclosure of AI-generated human likenesses in ads; bans use of deceased performers' digital likenesses without estate consent,https://variety.com/2025/film/news/kathy-hochul-sag-aftra-ai-bills-1236606659/
Kathy Hochul,"Hochul signed AI companion chatbot safety law — requires crisis protocols for suicidal ideation, human disclosure every 3 hours; sent enforcement letters to AI companion companies",https://www.governor.ny.gov/news/governor-hochul-pens-letter-ai-companion-companies-notifying-them-safeguard-requirements-are-now-in-effect
Kathy Hochul,Hochul outlawed AI-generated CSAM; proposed banning AI deepfakes in political ads within 90 days of elections; required disclosures on digitized political communications (Jan 2026 State of the State),https://www.governor.ny.gov/news/governor-hochul-continues-new-yorks-leadership-artificial-intelligence-nation-leading-actions
Kathy Hochul,"Hochul proposed Office of Digital Innovation, Governance, Integrity and Trust (DIGIT) in Jan 2026 State of the State — statewide AI oversight body; also proposed data broker registration requirements",https://ogletree.com/insights-resources/blog-posts/new-york-governor-unveils-new-ai-agenda/
Bruce Blakeman,"Blakeman (Trump-endorsed Nassau County Exec) deployed AI surveillance cameras and facial recognition along NYC border for law enforcement — pro-AI use, no regulatory stance; campaign focuses on crime and cost of living",https://gothamist.com/news/nassau-county-exec-plans-wall-of-surveillance-cameras-at-nyc-long-island-border
Amy Acton,Campaign issues page – focused on healthcare / education / affordability,https://actonforgovernor.com/issues/
Amy Acton,Ballotpedia profile,https://ballotpedia.org/Amy_Acton
Amy Acton,Ideastream interview – no AI mentioned,https://www.ideastream.org/show/sound-of-ideas/2025-11-12/interview-with-dr-amy-acton-democratic-candidate-for-ohio-governor
Vivek Ramaswamy,'We should not ban anything that China is also not willing to ban' – explicit arms race logic,https://www.newsweek.com/vivek-ramaswamy-real-danger-ai-1834679
Vivek Ramaswamy,'Real danger of AI' framed as culture war (people 'bending the knee to a new master') not safety,https://analyticsindiamag.com/vivek-ramaswamy-believes-that-human-response-to-ai-poses-greatest-risk/
Vivek Ramaswamy,DOGE co-lead with Musk – regulatory slashing mandate across federal agencies including AI,https://www.meritalk.com/articles/trumps-new-ai-crypto-czar-reinforces-likely-ai-policy-changes/
Vivek Ramaswamy,Fox News op-ed: running for OH governor on anti-administrative state / anti-regulation platform,https://www.foxnews.com/opinion/vivek-ramaswamy-why-its-time-take-administrative-state
Vivek Ramaswamy,iSideWith: supports AI for defense – anti-regulation stance,https://www.isidewith.com/candidates/vivek-ramaswamy/policies/national-security/artificial-intelligence-ai-for-defense
Vivek Ramaswamy,Caveat: said companies should bear liability for AI harms and AI should not broadly interface with kids,https://www.newsweek.com/vivek-ramaswamy-real-danger-ai-1834679
Jeff Merkley,Co-sponsored Algorithmic Accountability Act — requires AI impact assessments for housing/employment/education decisions; public FTC repository of AI systems,https://www.merkley.senate.gov/wyden-introduces-merkley-co-sponsors-bill-to-regulate-use-of-ai-to-make-critical-decisions-in-housing-jobs-schools/
Jeff Merkley,Co-sponsored Eliminating BIAS Act — mandates civil rights offices in every federal agency that uses or oversees AI,https://www.wyden.senate.gov/news/press-releases/wyden-merkley-introduce-legislation-to-mandate-civil-rights-offices-in-federal-agencies-that-handle-artificial-intelligence
Jeff Merkley,Co-sponsored Block Nuclear Launch by Autonomous AI Act — prohibits AI from launching nuclear weapons without 'meaningful human control'; codifies human-in-the-loop requirement,https://www.congress.gov/bill/118th-congress/senate-bill/1394/text
Jeff Merkley,Co-sponsored AI Civil Rights Act — bans discriminatory AI algorithms in critical decisions; requires pre- and post-deployment testing; increases algorithmic transparency,https://jayapal.house.gov/2025/12/02/jayapal-markey-clarke-lee-reintroduce-ai-civil-rights-act-to-eliminate-ai-discrimination-and-enact-guardrails-on-use-of-algorithms-in-decisions-impacting-peoples-rights-civil-li/
Jeff Merkley,Introduced ICE Out of Our Faces Act with Markey/Jayapal/Wyden — bans ICE and CBP from acquiring or using facial recognition technology,https://jayapal.house.gov/2026/02/05/markey-jayapal-merkley-wyden-introduce-bill-to-ban-ice-and-cbp-use-of-facial-recognition-technology-amid-trumps-rapidly-growing-surveillance-state/
Jeff Merkley,Introduced FAIR Elections Act — targets AI-generated election disinformation with particular focus on communities of color,https://www.congress.gov/bill/118th-congress/senate-bill/2892/text
Russell McAlmond,"McAlmond: investment officer, Marine veteran, Ethical Individualism philosopher — no AI policy positions found",https://ballotpedia.org/Russell_McAlmond
Timothy Skelton,Skelton: security officer/BBQ restaurant owner — no AI policy positions found,https://ballotpedia.org/Timothy_Skelton
Josh Shapiro,Signed executive order on safe and responsible AI adoption in state govt (Sept 2023) – nation-leading per PA,https://www.pa.gov/agencies/oa/newsroom/governor-josh-shapiro-signs-executive-order-on-commonwealth-use-of-generative-artificial-intelligence-taking-proactive-step-to-harness-new-technology-while-empowering-state-workforce
Josh Shapiro,Created Generative AI Governing Board to guide AI policy across state agencies,https://www.pa.gov/governor/newsroom/2025-press-releases/-shapiro-administration-leads-the-way-in-ethical-use-of-ai
Josh Shapiro,Expanded AI collaboration with CMU – PA ranked top 3 states for AI readiness,https://www.pa.gov/agencies/oa/newsroom/shapiro-administration-expands-artificial-intelligence-collabora
Josh Shapiro,Proposed guardrails for AI data center boom – pressed for aggressive policing of AI,https://www.eenews.net/articles/josh-shapiro-proposes-guardrails-for-ai-data-center-boom-in-pennsylvania/
Josh Shapiro,Launched multiagency AI Literacy Toolkit for kids / parents / teachers,https://www.pa.gov/governor/newsroom/2026-press-releases/governor-shapiro-takes-action-to-protect-pennsylvanians-using-ai
Josh Shapiro,AI Task Force to crack down on AI companion bots impersonating licensed medical providers,https://www.pa.gov/governor/newsroom/2025-press-releases/-shapiro-administration-leads-the-way-in-ethical-use-of-ai
Josh Shapiro,GovTech: Shapiro says PA will lead on AI (AI Horizons Summit),https://www.govtech.com/artificial-intelligence/gov-josh-shapiro-says-pennsylvania-will-lead-on-ai
Josh Shapiro,AI pilot program results – Shapiro says AI has 'real promise' as employee enhancement not replacement,https://www.cityandstatepa.com/policy/2025/03/shapiro-says-ai-has-real-promise-he-unveils-pilot-program-results/403965/
Stacy Garrity,Promoted rural PA counties as data center locations for AI growth,https://www.witf.org/2026/01/12/a-lot-of-areas-in-rural-pa-could-house-data-centers-for-ai-growth-garrity-says/
Stacy Garrity,Banned DeepSeek AI from all Treasury devices – cited CCP national security concerns,https://www.cityandstatepa.com/policy/2025/02/treasurer-stacy-garrity-bans-deepseek-ai-platform-pennsylvania-treasury-devices/403161/
Stacy Garrity,PA Treasury press release on DeepSeek ban,https://www.patreasury.gov/newsroom/archive/2025/02-20-DeepSeek.html
Stacy Garrity,Wants to use PA natural gas reserves to power AI data centers,https://www.wesa.fm/politics-government/2026-01-13/rural-pa-data-centers-ai-growth-garrity
Stacy Garrity,Ballotpedia profile,https://ballotpedia.org/Stacy_Garrity
Greg Abbott,Signed Texas Responsible AI Governance Act (TRAIGA) – originally modeled on EU AI Act but heavily pared back after Trump EO,https://iapp.org/news/a/governor-signs-texas-responsible-artificial-intelligence-governance-act
Greg Abbott,GovTech: signed AI bills but noted federal preemption concern – pledged to comply with any federal 10-year moratorium on state AI enforcement,https://www.govtech.com/policy/with-federal-ban-near-texas-governor-signs-ai-bills
Greg Abbott,Appointed members to Texas AI Advisory Council,https://gov.texas.gov/news/post/governor-abbott-appoints-four-to-artificial-intelligence-advisory-council
Greg Abbott,Signed bills criminalizing AI-generated deepfakes and AI-generated sexual material,https://www.davispolk.com/insights/client-update/texas-governor-signs-responsible-ai-governance-act
Greg Abbott,Analysis: Texas pioneering Trump's AI agenda – deregulatory framing,https://www.workforcebulletin.com/lone-star-state-how-texas-is-pioneering-president-trumps-ai-agenda/
Greg Abbott,Texas Tribune: Texas exploring role of AI in government (background),https://www.texastribune.org/2024/01/02/texas-government-artificial-intelligence-2/
Gina Hinojosa,Wikipedia profile,https://en.wikipedia.org/wiki/Gina_Hinojosa
Gina Hinojosa,Campaign launch – focused on education / healthcare / reproductive rights,https://www.texastribune.org/2025/10/15/gina-hinojosa-texas-governor-campaign-launch-2026-greg-abbott/
James Talarico,Dedicated AI & Tech campaign page – wants to tax AI companies and set clear guidelines,https://jamestalarico.com/issue/social-media-artificial-intelligence-tech/
James Talarico,'Deeply alarmed we are about to fall off this AI cliff and our government is nowhere to be seen',https://jamestalarico.com/
James Talarico,Appeared on JRE to discuss AI job displacement as a 'spiritual problem' – advocates UBI + entrepreneurial grants,https://www.rogankingdom.com/episodes/jre-2352-james-talarico.html
James Talarico,Texas Tribune profile – background on Senate bid,https://www.texastribune.org/2026/01/16/james-talarico-texas-senate-democrat-teacher-election-2026/
John Cornyn,Trump signed Cornyn's GUARD Act – establishes DoD AI Institute at military college,https://www.cornyn.senate.gov/news/pres-trump-signs-cornyn-bill-to-advance-defense-innovation-artificial-intelligence-into-law/
John Cornyn,Bipartisan bill with Peters to establish Chief AI Officers at every federal agency,https://www.hsgac.senate.gov/media/dems/committee-passes-peters-cornyn-bipartisan-bill-to-ensure-federal-government-is-properly-using-and-managing-artificial-intelligence/
John Cornyn,PROACTIV AI Data Act – combat AI-generated child sexual abuse material in training datasets,https://www.cornyn.senate.gov/news/cornyn-kim-introduce-bill-to-combat-ai-generated-child-sexual-abuse-material/
John Cornyn,Opposed Trump executive order preempting state AI laws – sided with TX legislators,https://www.texastribune.org/2025/12/19/texas-ai-law-trump-executive-order/
John Cornyn,GovTrack profile,https://www.govtrack.us/congress/members/john_cornyn/300027
Ken Paxton,Investigated Meta AI Studio and Character.AI for deceptive mental health marketing to children,https://www.texasattorneygeneral.gov/news/releases/attorney-general-ken-paxton-investigates-meta-and-characterai-misleading-children-deceptive-ai-generated-mental-health-services
Ken Paxton,First-of-its-kind settlement with healthcare AI company (Pieces Technologies) over false safety claims,https://www.texasattorneygeneral.gov/news/releases/attorney-general-ken-paxton-reaches-settlement-first-its-kind-healthcare-generative-ai-investigation
Ken Paxton,Launched data privacy and security initiative targeting Big Tech and AI companies,https://www.texasattorneygeneral.gov/news/releases/attorney-general-ken-paxton-launches-data-privacy-and-security-initiative-protect-texans-sensitive-data-from-illegal-exploitation-by-tech-ai-and-other-companies
Ken Paxton,Investigated DeepSeek for Texas Data Privacy Act violations – banned from AG devices,https://practiceguides.chambers.com/practice-guides/artificial-intelligence-2025/usa-texas/trends-and-developments
Ken Paxton,Ballotpedia profile,https://ballotpedia.org/Ken_Paxton
Mark Warner,Urged federal agencies to disclose and secure AI use (2025),https://www.warner.senate.gov/public/index.cfm/2025/1/warner-urges-federal-agencies-to-disclose-and-secure-their-ai-use
Mark Warner,Called for AI Geneva Convention to govern AI in warfare,https://technical.ly/civic-news/ai-policy-geneva-convention-senator-mark-warner/
Mark Warner,Introduced bipartisan Secure AI Act of 2024 with Tillis – voluntary incident reporting database,https://www.warner.senate.gov/public/index.cfm/2024/5/warner-tillis-introduce-legislation-to-advance-security-of-artificial-intelligence-ecosystem
Mark Warner,Federal News Network interview on creating AI guardrails (Feb 2024),https://federalnewsnetwork.com/artificial-intelligence/2024/02/ai-data-exchange-2024-sen-mark-warner-on-creating-ai-guardrails/
Mark Warner,Statement praising OpenAI for adding safety/detection mechanisms (Dec 2024),https://www.warner.senate.gov/public/index.cfm/2024/12/statement-of-sen-mark-r-warner
Mark Warner,Reelection announcement touted tech background and AI job displacement – 'companies that displace jobs for AI should help pay for solutions',https://virginiaindependentnews.com/elections/virginia-democratic-sen-mark-warner-announces-he-will-seek-reelection-in-2026/
Mark Warner,Caveat: 'Don't hold your breath' for comprehensive AI regulation passing Congress,https://www.meritalk.com/articles/sen-warner-dont-hold-your-breath-for-ai-regulation/
Kim Farington,Ballotpedia profile (cybersecurity contractor background),https://ballotpedia.org/Kim_Farington
Kim Farington,Campaign website,https://stager.kimforvirginia.com/
Jason Reynolds,VPM coverage of candidates,https://www.vpm.org/news/2025-09-25/us-senator-2026-mark-warner-jason-reynolds-bryce-reeves-kim-farington
Sara Rodriguez,"Released ""Keep Wisconsin Kids Safe Online"" plan – Big Tech accountability for child harm",https://www.wispolitics.com/2026/rodriguez-campaign-releases-plan-to-keep-wisconsin-kids-safe-online-and-hold-big-tech-accountable/
Sara Rodriguez,Proposed executive office to coordinate AI oversight / cybersecurity / emerging tech policy across state agencies,https://pbswisconsin.org/news-item/sara-rodriguez-on-issues-in-wisconsins-2026-governors-race/
Sara Rodriguez,Plan: require platforms to disclose algorithms and submit to independent audits for content promoted to children,https://www.saraforwi.com/
Sara Rodriguez,PBS Wisconsin candidate profile,https://pbswisconsin.org/news-item/sara-rodriguez-on-the-2026-primary-for-governor-of-wisconsin/
Mandela Barnes,Data centers must have community benefits agreements – local hiring / no utility rate hikes / community input required,https://pbswisconsin.org/news-item/mandela-barnes-on-issues-in-wisconsins-2026-governors-race/
Mandela Barnes,No AI regulation or safety record found – focused on economic/community impact,https://ballotpedia.org/Mandela_Barnes
Tom Tiffany,Welcomes AI data centers – focused on energy costs for existing ratepayers only,https://www.wizmnewsroom.com/2025/10/31/wisconsin-gop-governor-candidate-tom-tiffany-on-data-centers-state-funding-housing-and-voting-maps/
Tom Tiffany,Wants coal / natural gas / nuclear to power AI data centers,https://tiffany.house.gov/media/press-releases/tiffany-demands-psc-prioritize-baseload-power-sources-ensure-affordable-energy
Tom Tiffany,Used AI-generated campaign ad without required disclosure – violated Wisconsin law,https://isthmus.com/news/news/disclaimer-missing-on-likely-ai-generated-tom-tiffany-campaign-ad/
Tom Tiffany,Cap Times editorial: Wisconsin's next governor should be a savvy AI skeptic (critical of Tiffany's approach),https://captimes.com/opinion/editorials/editorial-wisconsin-s-next-governor-should-be-a-savvy-ai-skeptic/article_2d8b4a7d-727d-406f-93de-4958edfa4798.html
Tom Tiffany,Wisconsin data center regulation coverage – Tiffany's position,https://www.wbay.com/2026/01/13/wisconsin-lawmakers-look-regulate-building-ai-data-centers/
James Talarico,"Filed HB 2795 in Texas legislature to criminalize AI election deepfakes; targets those who create videos 'with intent to deceive and influence the result of an election,' punishable by fines and up to 180 days in jail",https://www.kltv.com/2025/03/30/east-texas-data-expert-discusses-texas-bill-criminalize-making-deep-fake-election-videos/
Ed Markey,"Markey and Warren urged Democratic colleagues to oppose the 2026 NDAA if it included an AI regulation moratorium, calling it 'a massive giveaway to Big Tech' that would prevent states from protecting residents from AI risks",https://www.markey.senate.gov/news/press-releases/senators-markey-warren-urge-democratic-colleagues-to-stand-firm-against-big-tech-attempt-to-sneak-ai-regulation-moratorium-into-defense-bill
Seth Moulton,"Co-sponsored bipartisan resolution calling for a national AI strategy across workforce, national security, R&D, and ethics; warned 'If we don't set the rules of the road for AI, China or Russia will'",https://moulton.house.gov/news/press-releases/moulton-joins-hurd-kelly-resolution-create-national-artificial-intelligence
Seth Moulton,"In 2026 Senate campaign, called for government intervention to support AI-displaced workers; supports 'tight restrictions' on AI companies in communities (electricity/water); says AI is 'a huge issue' that will eliminate entry-level jobs",https://www.tuftsdaily.com/article/2026/03/seth-moulton-discusses-senate-campaign-with-the-daily
Sara Rodriguez,"Campaign issues page — 'Make AI Work for Wisconsin Workers': as governor will ensure AI creates opportunity for workers, not just profits for tech companies",https://www.saraforwi.com/issues
Jeff Merkley,Co-led Senate letter to DOD demanding answers on AI use in military targeting of Iran; specifically questioned whether AI tools selected targets and whether human verification occurred before strikes,https://www.merkley.senate.gov/wyden-merkley-demand-answers-from-defense-department-on-the-school-bombing-and-civilian-casualties-in-iran/
Michael Bennet,Bennet campaign policy page promises 'common-sense guardrails' for AI chatbots and AI companions to protect kids,https://www.michaelbennet.com/priorities/keeping-colorados-kids-safe-online/
Michael Bennet,Bennet opposed Trump executive order blocking state AI laws and called for common-sense state safeguards,https://www.bennet.senate.gov/2025/12/16/bennet-statement-on-president-trumps-executive-order-blocking-state-level-ai-laws/
Michael Bennet,Bennet urged platforms and AI developers to label AI-generated content and limit misleading deepfakes,https://www.bennet.senate.gov/2023/06/29/press-releases-id-653e18a2-5bb8-40e9-a95d-98c5d0941a29/
Phil Weiser,Weiser warned voters about AI deepfakes and highlighted Colorado law requiring disclosure in political communications,https://coag.gov/2024/9-9-2024/
Phil Weiser,"Weiser urged a transparent, risk-based approach to AI governance with testing, assessment, and government oversight",https://coag.gov/press-releases/6-13-23/
Phil Weiser,Weiser joined bipartisan warning to AI election robocallers and framed AI misinformation as a democracy threat,https://coag.gov/2024/2-6-24/
Barbara Kirkmeyer,Colorado legislative and launch materials reviewed; no AI-specific campaign or policy position found,https://leg.colorado.gov/legislators/barbara-kirkmeyer
Jason Clark,"Campaign platform emphasizes taxes, crime, and energy; no AI-specific policy position found",https://www.jasonclarkforcogov.com/
Jason Mikesell,"Campaign priorities focus on housing, public safety, and energy; no AI-specific policy position found",https://www.mikesell4gov.com/
Joe Oltmann,Campaign site focuses on election integrity and constitutional issues; no AI-specific policy position found,https://oltmann2026.com/
Scott Bottoms,Public profile and campaign-facing materials reviewed; no AI-specific policy position found,https://www.coloradohouserepublicans.com/scott-bottoms
Victor Marx,Campaign newsletter says AI will shape Colorado's future and calls for responsible oversight and security measures,https://www.victor2026.com/post/team-victor-weekly-update-february-16-2026
Greg Lopez,"Campaign launch announcement focuses on affordability, safety, and education; no AI-specific policy position found",https://www.greglopez.co/press/2026-announcement
Aaron Ford,"As attorney general, Ford urged Congress to study AI harms to children and expand protections against AI-generated child sexual abuse material",https://ag.nv.gov/News/PR/2023/Attorney_General_Ford_Joins_Coalition_Urging_Congress_to_Study_AI_and_its_Harmful_Effects_on_Children/
Aaron Ford,"Ford sued MediaLab.AI and Kik over harms to Nevada youth, showing a tech-accountability posture, though not a broad AI-governance platform",https://ag.nv.gov/News/PR/2025/Attorney_General_Ford_Announces_Litigation_Against_the_Social_Media_App_Kik_for_Endangering_Nevada_Children/
Alexis Hill,"Campaign platform reviewed; focuses on taxes, schools, healthcare, housing, and workers, with no AI-specific policy position found",https://alexisfornevada.com/
Irina Hansen,"Campaign launch and priorities page reviewed; focuses on corruption, regulation, courts, and affordability, with no AI-specific policy position found",https://irinahansenforgovernor.com/
Joe Lombardo,Governor office announced a policy for the responsible and ethical use of AI within state agencies to protect Nevadans from unintended impacts and abusive data practices,https://www.2news.com/news/local/nevada-governors-office-announces-new-ai-policy/article_a0572aaa-afb5-11ef-8fb2-4b900bea3895.html
Joe Lombardo,Lombardo administration climate innovation plan frames Nevada as using innovation to address public problems; broader innovation posture complements the state AI policy,https://gov.nv.gov/Newsroom/PRs/2024/2024-08-08-governor-climate-innovation-plan/
Jose Zelaya,"Campaign site reviewed; focuses on veterans, mental health, education, and housing, with no AI-specific policy position found",https://zelayafornevada.com/
Matthew Winterhawk,"Campaign site reviewed; focuses on anti-corruption, election integrity, and civic reform, with no AI-specific policy position found",https://w4nevada.com/
