Domain,Candidate,Current_Descriptions,Suggested_Description
adams.house.gov,Alma Adams,Condemned access to sensitive Social Security records by unelected private actors and framed mass data access as a privacy violation,Alma Adams (U.S. House Website)
aderholt.house.gov,Robert Aderholt,Promoted defense innovation partnerships that explicitly include artificial intelligence and autonomy but not a broader AI governance framework,Robert Aderholt (U.S. House Website)
ag.nv.gov,Aaron Ford,"As attorney general, Ford urged Congress to study AI harms to children and expand protections against AI-generated child sexual abuse material | Ford sued MediaLab.AI and Kik over harms to Nevada youth",
aguilar.house.gov,Pete Aguilar,Current House and campaign materials did not show a substantive AI policy or AI regulation record in this race after broader search,Pete Aguilar (U.S. House Website)
ansari.house.gov,Yassamin Ansari,Introduced the AI Impersonation Prevention Act to prohibit malicious AI impersonation of federal officials with guardrails and accountability | Said AI companies are using money in politics to punish candidates who support AI regulation and argued for stronger regulation to protect jobs and democracy,Yassamin Ansari (U.S. House Website)
apps.oregon.gov,Tina Kotek,"Directed $10M in Oregon CHIPS Act funding for AI/semiconductor workforce development and signed MOU with NVIDIA to deploy AI Ambassador Program across Oregon colleges (April 2025) | Oregon AI Action Plan announced (Feb 2025) — five strategic areas including governance structures, privacy/security measures, and workforce readiness; established via Executive Order 23-26",
artificialintelligencecaucus-beyer.house.gov,Henry Cuellar,Member of the House Artificial Intelligence Caucus and public advocate for AI workforce and research investment in South Texas,Henry Cuellar (U.S. House Website)
artificialintelligencecaucus-beyer.house.gov,Mike Levin,Listed as a current member of the bipartisan House Artificial Intelligence Caucus,Mike Levin (U.S. House Website)
auchincloss.house.gov,Jake Auchincloss,Said Congress needs to get ahead of the curve on AI regulation and ethics while promoting responsible AI research and collaboration,Jake Auchincloss (U.S. House Website)
azgovernor.gov,Katie Hobbs,Launched Arizona's first AI Steering Committee (19 experts from govt/academia/industry) | Official launch of ACE Initiative to adopt AI and emerging technologies in Arizona government | Official legislative action update showing signature of SB 1359 on election deepfakes,
baird.house.gov,Jim Baird,Current IN-04 candidacy is clear; no AI policy or AI regulation position found,Jim Baird (U.S. House Website)
balderson.house.gov,Troy Balderson,No AI policy or AI regulation position found,Troy Balderson (U.S. House Website)
barragan.house.gov,Nanette Barragan,Introduced bipartisan legislation to improve public understanding of AI rights deepfakes workforce impacts and consumer protection | Introduced the HEAL AI Act to train medical students and residents in responsible AI deployment with explicit ethics and equity framing,Nanette Barragan (U.S. House Website)
barrett.house.gov,Tom Barrett,Voted for the July 3 2025 House bill that included the federal moratorium on state AI regulation,Tom Barrett (U.S. House Website)
baumgartner.house.gov,Michael Baumgartner,Introduced bill to codify Trump executive order and impose a five-year federal moratorium on new state and local AI regulation to prevent a patchwork of AI rules,Michael Baumgartner (U.S. House Website)
beatty.house.gov,Joyce Beatty,No AI policy or AI regulation position found,Joyce Beatty (U.S. House Website)
begich.house.gov,Nick Begich,Official congressional and campaign materials emphasize efficiency energy and transportation with no substantive AI policy or AI regulation position found after broader search,Nick Begich (U.S. House Website)
bennet.senate.gov,Michael Bennet,Bennet opposed Trump executive order blocking state AI laws and called for common-sense state safeguards | Bennet urged platforms and AI developers to label AI-generated content and limit misleading deepfakes,Michael Bennet (U.S. Senate Website)
benniethompson.house.gov,Bennie Thompson,Visited students participating in Hour of AI and emphasized that children should learn to use AI responsibly,Bennie Thompson (U.S. House Website)
beyer.house.gov,Don Beyer,"Introduced multiple AI and data-center bills, including measures on AI denials and electricity costs from AI data centers",Don Beyer (U.S. House Website)
bice.house.gov,Stephanie Bice,Backed legislation commissioning a report on using artificial intelligence to identify duplicative federal grant applications,Stephanie Bice (U.S. House Website)
bilirakis.house.gov,Gus Bilirakis,"Helped shepherd the TAKE IT DOWN Act through the House, explicitly supporting criminal penalties and takedown requirements for AI-generated non-consensual intimate deepfakes | Introduced the Kids Online Safety Act and framed digital harms to children as requiring platform safeguards and policy intervention in an AI-saturated online environment",Gus Bilirakis (U.S. House Website)
bilirakis.house.gov,Kathy Castor,"Co-led the House version of the Kids Online Safety Act, framing online platform and algorithmic harms to children as a policy problem requiring transparency and safeguards",Kathy Castor (U.S. House Website)
blackburn.senate.gov,Marsha Blackburn,"Authored TRUMP AMERICA AI Act with consumer duty-of-care, risk assessments, deepfake rules, and right to sue; includes child-safety carveouts; but prioritizes federal preemption over state protections and 'light touch' framing | Co-authored NO FAKES Act (2024): federal property right over AI-generated voice/likeness replicas, notice-and-takedown mechanism for deepfakes, platform liability for non-consensual digital replicas | Led Senate effort to strip 10-year federal AI moratorium from One Big Beautiful Bill; filed amendment with Collins/Markey/Cantwell; passed 99-1: ""This provision could allow Big Tech to continue to exploit kids, creators, and conservatives""",Marsha Blackburn (U.S. Senate Website)
blakemoore.house.gov,Blake Moore,Introduced AI-related bills on using AI to identify redundant regulations and to study rural impacts of AI data centers | Introduced AI-related bills to use AI to identify redundant regulations and streamline government | On his official site promoted streamlining permitting and energy development to expand rural AI data-center infrastructure.,Blake Moore (U.S. House Website)
blakemoore.house.gov,Jim Costa,Introduced bipartisan bill to study AI data-center impacts in rural America and utility costs,Jim Costa (U.S. House Website)
boebert.house.gov,Lauren Boebert,Publicly celebrated removal of the Biden AI export rule,Lauren Boebert (U.S. House Website)
bonamici.house.gov,Suzanne Bonamici,Introduced the No Robot Bosses Act to prevent discriminatory AI hiring practices and require guardrails transparency and human oversight in employment decisions | Released a human-centered AI education and workforce framework calling for student protections privacy safeguards accountability and guardrails rather than deployment-first policy,Suzanne Bonamici (U.S. House Website)
booker.senate.gov,Cory Booker,Co-lead of Algorithmic Accountability Act (2023 and 2025 versions): requires companies to conduct impact assessments on AI systems making high-stakes decisions in housing/employment/education/credit; creates FTC public database; adds 75 FTC staff for enforcement,Cory Booker (U.S. Senate Website)
brecheen.house.gov,Josh Brecheen,No AI policy or AI regulation position found,Josh Brecheen (U.S. House Website)
bresnahan.house.gov,Rob Bresnahan,Official congressional and campaign materials emphasize agriculture veterans and local economic issues with no substantive AI policy or AI regulation position found after broader search,Rob Bresnahan (U.S. House Website)
burlison.house.gov,Eric Burlison,Introduced counter-drone legislation that explicitly included privacy and civil-liberties safeguards,Eric Burlison (U.S. House Website)
bynum.house.gov,Janelle Bynum,Official congressional and campaign materials focus housing affordability jobs and small business with no substantive AI policy or AI regulation position found after broader search,Janelle Bynum (U.S. House Website)
cammack.house.gov,Kat Cammack,Leads the Republican Study Committee Emerging Technologies Task Force explicitly focused on AI and related technologies,Kat Cammack (U.S. House Website)
capito.senate.gov,Shelley Moore Capito,"Co-authored bipartisan VET AI Act (voluntary NIST evaluation guidelines), AI Research Innovation & Accountability Act, and AI Scam Prevention Act; 'innovation-first with commonsense guardrails' framing | Co-introduced AI Scam Prevention Act with Klobuchar (Dec 2025) — bans AI-powered impersonation fraud, codifies FTC rules, creates interagency enforcement advisory committee",Shelley Moore Capito (U.S. Senate Website)
carey.house.gov,Mike Carey,Supported central Ohio apprenticeship expansion tied to jobs in artificial intelligence and related sectors,Mike Carey (U.S. House Website)
casar.house.gov,Greg Casar,Introduced Stop AI Price Gouging and Wage Fixing Act to ban companies from using AI to set prices or wages based on personal data,Greg Casar (U.S. House Website)
case.house.gov,Ed Case,Hosted a public webinar on artificial intelligence with a White House expert and separately questioned agency safeguards for AI translation tools,Ed Case (U.S. House Website)
cde.ca.gov,Tony Thurmond,Official CDE letter inviting participation in statewide AI workgroup and emphasizing data privacy academic integrity and educator-centered guardrails | Thurmond convened CA AI in Education workgroup as Superintendent — 'AI should complement not replace' human relationships; focused on K-12 AI literacy,
chrissmith.house.gov,Chris Smith,No AI policy or AI regulation position found,Chris Smith (U.S. House Website)
chu.house.gov,Judy Chu,Current House and campaign materials emphasize science education and technology investment; no AI policy or AI regulation position found,Judy Chu (U.S. House Website)
ciscomani.house.gov,Juan Ciscomani,Voted for House reconciliation bill on July 3 2025 that included the federal moratorium on state AI regulation; official post defends the package overall,Juan Ciscomani (U.S. House Website)
cisneros.house.gov,Gil Cisneros,Current House and campaign materials focus defense education and small business issues with no clear AI policy or AI regulation position found after broader search,Gil Cisneros (U.S. House Website)
clarke.house.gov,Yvette Clarke,Introduced the AI Civil Rights Act to require testing transparency and guardrails for AI systems making critical decisions affecting rights and livelihoods | Led the effort to strip the AI moratorium from the FY26 NDAA and argued state AI protections remain necessary until Congress enacts comprehensive safeguards,Yvette Clarke (U.S. House Website)
cleaver.house.gov,Emanuel Cleaver,"Earlier launched the same workforce-preparation legislation and argued AI benefits must be distributed equitably across society rather than worsening exclusion and displacement | Reintroduced the Workforce of the Future Act to study AIs labor-market effects and invest in worker and student preparation, explicitly warning about job and wage harms without guardrails",Emanuel Cleaver (U.S. House Website)
clerk.house.gov,Sydney Kamlager-Dove,Serves on the Judiciary subcommittee covering courts intellectual property artificial intelligence and the internet; no standalone AI guardrails record found,Sydney Kamlager-Dove (U.S. House Website)
cloud.house.gov,Michael Cloud,Said Congress must ensure the U.S. leads in AI while warning of dangerous potential and unintended consequences after joining the House AI task force,Michael Cloud (U.S. House Website)
coag.gov,Phil Weiser,"Co-led bipartisan coalition of 40 state AGs opposing federal 10-year AI moratorium (May 2025): 'moratorium prevents states from protecting consumers from the potential harms of this constantly evolving technology' | Weiser joined bipartisan warning to AI election robocallers and framed AI misinformation as a democracy threat | Weiser urged a transparent, risk-based approach to AI governance with testing, assessment, and government oversight | Weiser warned voters about AI deepfakes and highlighted Colorado law requiring disclosure in political communications",
cohen.house.gov,Steve Cohen,Introduced the Artificial Intelligence Careers Act to improve AI education and workforce development through NIST-led classifications and training metrics | Introduced the Clean Cloud Act to regulate emissions from data centers and cryptominers as AI-driven power demand rises,Steve Cohen (U.S. House Website)
collins.senate.gov,Susan Collins,"Authored provision in FY2026 Intelligence Authorization Act establishing penalties for services that deliberately facilitate removal of voluntary AI watermarking/content authenticity protections | Collins + Klobuchar introduced Preparing Election Administrators for AI Act — voluntary EAC guidelines for election offices on AI risks and disinformation | Collins co-sponsored Protect Elections from Deceptive AI Act — bipartisan bill banning AI-generated deepfakes in political ads | Collins/Klobuchar pressure led EAC to unanimously allow federal HAVA funds to combat AI-generated election disinformation — concrete regulatory outcome | Secured $6.2M for Maine High-Performance Computing Hub (FY2026) to support AI and data-intensive research — infrastructure-focused, not deregulatory",Susan Collins (U.S. Senate Website)
comer.house.gov,James Comer,Current KY-01 candidacy is clear; no AI policy or AI regulation position found,James Comer (U.S. House Website)
commerce.senate.gov,John Hickenlooper,Co-reintroduced Future of AI Innovation Act (Feb 2026) with Cantwell/Young/Blackburn — authorizes NIST AI standards center and national lab AI testbeds,John Hickenlooper (U.S. Senate Website)
congress.gov,Abraham Hamadeh,Cosponsored legislation requiring assessment of foreign adversaries using generative AI for malicious activities | Cosponsored legislation requiring the State Department to assess risks from foreign adversaries using generative AI for malicious activity | Cosponsored the AI Impersonation Prevention Act to prohibit malicious AI impersonation of federal officials,
congress.gov,Andy Biggs,Congress.gov profile | House Oversight Committee AI hearing (June 2025 – transcript),
congress.gov,Buddy Carter,Congress.gov profile (Energy & Commerce Committee),
congress.gov,Chris Pappas,General legislation tracker (Congress.gov),
congress.gov,Derek Tran,Cosponsored the LIFT AI Act to expand K-12 artificial-intelligence literacy education | Cosponsored the bipartisan China AI Power Report Act to require annual reporting on advanced PRC AI capabilities,
congress.gov,Haley Stevens,Congress.gov profile,
congress.gov,Jeff Merkley,Co-sponsored Block Nuclear Launch by Autonomous AI Act — prohibits AI from launching nuclear weapons without 'meaningful human control'; codifies human-in-the-loop requirement | Introduced FAIR Elections Act — targets AI-generated election disinformation with particular focus on communities of color,
congress.gov,Jon Ossoff,Oversight of AI: Rules for Artificial Intelligence – Senate hearing (participated),
congress.gov,Mike Collins,Federal Science Agencies and the Promise of AI – full hearing record (Congress.gov),
congress.gov,Mike Rogers,Congress.gov profile,
congress.gov,Randy Feenstra,"Farm Tech Act (H.R. 6806, Dec 2023) — requires USDA certification program for agricultural AI software based on NIST AI Risk Management Framework; bipartisan",
congress.gov,Rob Wittman,Cosponsored NO FAKES Act (H.R. 2794): prohibits unauthorized AI-generated replicas of a person's voice or likeness; endorsed by SAG-AFTRA,
congress.gov,Roger Marshall,"HSGAC AI hearing rhetoric frames government oversight as the threat: 'in the hands of unchecked government, AI can be weaponized to suppress fundamental values like speech' — anti-oversight framing",
congress.gov,Tom Barrett,Chaired House VA hearing on artificial intelligence in veterans care and backs AI modernization within the VA,
congress.gov,Vicente Gonzalez,Cosponsored 2025 Medicare prior-authorization reform bill amid growing concerns about automated denials and AI-driven insurance decision systems | Served on House Financial Services Task Force on Artificial Intelligence and participated in multiple AI oversight hearings on ethics cloud computing and financial services,
coons.senate.gov,Amy Klobuchar,"Klobuchar co-authored NO FAKES Act — creates federal right to one's own voice/likeness; prohibits unauthorized AI-generated digital replicas; backed by OpenAI, Disney, SAG-AFTRA",Amy Klobuchar (U.S. Senate Website)
coons.senate.gov,Chris Coons,Co-sponsored bipartisan GAIN AI Act for U.S. chip dominance over China; also introduced NO FAKES Act and AI Whistleblower Protection Act; pro-U.S. AI leadership with targeted guardrails,Chris Coons (U.S. Senate Website)
cornyn.senate.gov,John Cornyn,PROACTIV AI Data Act – combat AI-generated child sexual abuse material in training datasets | Trump signed Cornyn's GUARD Act – establishes DoD AI Institute at military college,John Cornyn (U.S. Senate Website)
correa.house.gov,Lou Correa,Backed bipartisan legislation to integrate AI and other advanced technologies into border security while emphasizing civil rights and civil liberties protections | Supported AI enabled homeland security deployment in hearings but within a rights preserving oversight frame rather than a broader guardrails agenda,Lou Correa (U.S. House Website)
courtney.house.gov,Joe Courtney,Called for AI industry accountability over the explosion of generative-AI child-exploitation reports and explicitly said society must make industry bear responsibility for AI fallout,Joe Courtney (U.S. House Website)
craig.house.gov,Angie Craig,"Craig (Rep. MN-2) introduced Seniors Deserve SMARTER Care Act to block AI in Medicare coverage decisions; pressed Instacart on AI price discrimination — narrow healthcare/consumer focus, no comprehensive AI governance | Pressed Instacart CEO on AI-driven algorithmic pricing (Dec 2025); Instacart subsequently ended the AI pricing program following her letter",Angie Craig (U.S. House Website)
crank.house.gov,Jeff Crank,House Armed Services role includes oversight of cyber innovation and artificial intelligence in defense systems,Jeff Crank (U.S. House Website)
crawford.house.gov,Rick Crawford,Hosted cybersecurity and intelligence events for Arkansas stakeholders; no substantive AI policy or AI regulation record found,Rick Crawford (U.S. House Website)
crow.house.gov,Jason Crow,Backed executive action against commercial spyware and explicitly framed emerging technological threats as requiring privacy security and accountability protections,Jason Crow (U.S. House Website)
cuellar.house.gov,Henry Cuellar,Celebrated the TAKE IT DOWN Act becoming law and explicitly highlighted AI-generated deepfakes as a danger requiring stronger federal online-safety protections.,Henry Cuellar (U.S. House Website)
davidson.house.gov,Warren Davidson,"Argued Congress urgently needs baseline rules for AI and framed privacy as the core unresolved issue, while pushing a smaller-government approach to AI governance | Argued Congress urgently needs baseline rules for AI and framed privacy as the core unresolved issue; calling for federal AI regulation",Warren Davidson (U.S. House Website)
degette.house.gov,Diana DeGette,Supported congressional action to regulate AI-generated intimate deepfakes and other digital harms,Diana DeGette (U.S. House Website)
delacruz.house.gov,Monica De La Cruz,Current campaign and House materials focus border economy and committee work with no clear AI policy or AI regulation position found after broader search,Monica De La Cruz (U.S. House Website)
delauro.house.gov,Rosa DeLauro,Led House Democrats supporting worker-centered digital trade policy and explicitly backed congressional digital competition privacy and AI oversight goals,Rosa DeLauro (U.S. House Website)
delbene.house.gov,Suzan DelBene,Introduced legislation to block Medicare prior-authorization systems that use artificial intelligence to deny care.,Suzan DelBene (U.S. House Website)
democrats-armedservices.house.gov,Adam Smith,"Appointed Eric Horvitz to the National Security Commission on Artificial Intelligence as House Armed Services leader, showing direct engagement with AI policy",Adam Smith (U.S. House Website)
democrats-financialservices.house.gov,Maxine Waters,Established and led the bipartisan House Financial Services AI Working Group focused on benefits risks bias and responsible financial regulation,Maxine Waters (U.S. House Website)
democrats-foreignaffairs.house.gov,Dina Titus,Original cosponsor of RESTRICT Act to block sales of advanced AI chips to China and impose security requirements on overseas transfers,Dina Titus (U.S. House Website)
democrats-foreignaffairs.house.gov,Jared Moskowitz,Cosponsored RESTRICT Act to block advanced AI chip sales to China and add security requirements for overseas data centers,Jared Moskowitz (U.S. House Website)
democrats-selectcommitteeontheccp.house.gov,Ami Bera,Co-led legislation to block advanced AI chip sales to China without explicit executive and congressional approval,Ami Bera (U.S. House Website)
democrats-selectcommitteeontheccp.house.gov,Raja Krishnamoorthi,Krishnamoorthi + Bera: legislation requiring Congressional approval before sale of advanced AI chips to China — export control focus | Krishnamoorthi + Moolenaar introduce No Adversarial AI Act to bar federal agencies from DeepSeek and CCP-linked AI — China arms race framing | Ranking Member of House Select Committee on CCP — his AI work overwhelmingly framed around US-China competition not domestic safety,Raja Krishnamoorthi (U.S. House Website)
desaulnier.house.gov,Mark DeSaulnier,Current House and campaign materials emphasize ethics transportation and STEM education with no clear AI policy or AI regulation position found after broader search,Mark DeSaulnier (U.S. House Website)
dexter.house.gov,Maxine Dexter,"Passed amendment requiring DOE study of data-center water use and impacts, framing AI infrastructure as requiring resource safeguards for communities",Maxine Dexter (U.S. House Website)
direct.usagm.gov,Cait Conley,As CISA senior adviser said AI-driven election threats require active monitoring and safeguards against foreign influence,
docquery.fec.gov,Makiba Gaines,FEC filing confirms active independent candidacy in VA-02; no AI policy or AI regulation position found,
docquery.fec.gov,Nick Gebo,FEC paperwork exists for an NJ-05 Democratic primary challenge; no AI policy or AI regulation position found,
edwards.house.gov,Chuck Edwards,Official congressional and campaign materials focus Helene recovery veterans and fiscal issues with no substantive AI policy or AI regulation position found after broader search,Chuck Edwards (U.S. House Website)
elections.maryland.gov,George McDermott,Active MD-04 Republican candidate filing reviewed; no AI policy or AI regulation position found,
elections.maryland.gov,Glenn Ivey,Incumbent MD-04 candidacy reviewed; no AI policy or AI regulation position found,
elections.maryland.gov,Jakeya Johnson,Active MD-04 Democratic candidate filing reviewed; no AI policy or AI regulation position found,
elections.maryland.gov,Jonathan White,Active MD-04 Democratic candidate filing reviewed; no AI policy or AI regulation position found,
elections.maryland.gov,Joseph Gomes,Active MD-04 Democratic candidate filing reviewed; no AI policy or AI regulation position found,
elections.maryland.gov,Shavonne Hedgepeth,Active MD-04 Democratic candidate filing reviewed; no AI policy or AI regulation position found,
emmer.house.gov,Tom Emmer,Serves on the House Financial Services subcommittee covering artificial intelligence and pushes a privacy-forward anti-CBDC stance,Tom Emmer (U.S. House Website)
espaillat.house.gov,Adriano Espaillat,Led AI roundtables on equity and access and introduced the Artificial Intelligence Literacy and Inclusion Act to fund AI literacy and workforce development in underserved communities,Adriano Espaillat (U.S. House Website)
estes.house.gov,Ron Estes,Current KS-04 candidacy is clear; no AI policy or AI regulation position found,Ron Estes (U.S. House Website)
fec.gov,Alexander Portelli,FEC filing confirms active NY-19 candidacy with no AI policy or AI regulation position found after broader search,
fec.gov,Alfred Lemmo,FEC filing confirms active Republican candidacy in MI-08 with no AI policy or AI regulation position found,
fec.gov,Angelina Sigala,FEC filing confirms active Democratic candidacy in CA-13 with no AI policy or AI regulation position found,
fec.gov,Bishop Staten,FEC committee filing confirms active independent candidacy in VA-02; no AI policy or AI regulation position found,
fec.gov,Connor Walleck,FEC filings identify Walleck as an active WI-01 Republican challenger with no AI policy or AI regulation position found after broader search,
fec.gov,David Gedert,FEC candidate filing confirms active Libertarian OH-09 candidacy; no AI policy or AI regulation position found,
fec.gov,Dean Pennington,FEC filing confirms active Democratic filing in NH-02 with no AI policy or AI regulation position found after broader search,
fec.gov,Felipe Santos,FEC filing confirms active NJ-07 Democratic candidacy; no AI policy or AI regulation position found,
fec.gov,Gavin Solomon,FEC committee activity and candidate filings indicate an active NY-03 filing with no AI policy or AI regulation position found in the congressional race,
fec.gov,Heather Barton,FEC filing confirms active independent candidacy in CO-03 with no AI policy or AI regulation position found after broader search,
fec.gov,Katy Padilla Stout,TX-23 FEC/general-election listings confirm an active candidacy; no AI policy or AI regulation position found,
fec.gov,Matt Strickler,FEC filing confirms active Democratic candidacy in VA-02; no AI policy or AI regulation position found,
fec.gov,Mike Johnson,FEC filing confirms active GOP filing in FL-07 with no AI policy or AI regulation position found after broader search,
fec.gov,Mike LiPetri,FEC filing confirms active Republican candidacy in NY-03 with no AI policy or AI regulation position found after broader search,
fec.gov,Nicolaus Sleister,FEC filing confirms active Democratic candidacy in VA-02; no AI policy or AI regulation position found,
fec.gov,Richard Morckel,FEC filing and voter-guide materials confirm active OH-13 candidacy with no AI policy or AI regulation position found,
fec.gov,Sam Buccola,FEC filing confirms active Democratic candidacy in NJ-09 with no AI policy or AI regulation position found after broader search,
fec.gov,Sean Sublette,FEC filing confirms active Democratic candidacy in VA-01 with no AI policy or AI regulation position found after broader search,
fec.gov,William Matthews,FEC filing confirms active Republican candidacy in VA-02; no AI policy or AI regulation position found,
fedorchak.house.gov,Julie Fedorchak,"Said the U.S. must take the handcuffs off the AI industry, launched an AI-and-energy working group centered on powering AI dominance, and emphasized deregulation over safety guardrails",Julie Fedorchak (U.S. House Website)
feenstra.house.gov,Randy Feenstra,"Led Farm Tech Act (H.R. 6806, Dec 2023): bipartisan bill requiring USDA certification program for agricultural AI software based on NIST AI Risk Management Framework, to ""protect farmers from faulty or misleading technologies""; voted YES on TAKE IT DOWN Act (federal deepfake porn ban), stating ""we must do a better job of removing these false depictions online""",Randy Feenstra (U.S. House Website)
financialservices.house.gov,Bryan Steil,Said fintech and AI products should have clear legal pathways and strong consumer protections in committee work,Bryan Steil (U.S. House Website)
financialservices.house.gov,French Hill,As Financial Services chair he led hearings on AI in finance emphasizing innovation with consumer protections and risk based regulation,French Hill (U.S. House Website)
finstad.house.gov,Brad Finstad,Backed aviation legislation requiring AI use in FAA and DOT drone waiver determinations while emphasizing safety and growth,Brad Finstad (U.S. House Website)
fischbach.house.gov,Michelle Fischbach,No AI policy or AI regulation position found,Michelle Fischbach (U.S. House Website)
fitzpatrick.house.gov,Brian Fitzpatrick,Introduced bipartisan AI Ads Act to prohibit fraudulent AI-generated political campaign misrepresentation | Linked AI and foreign influence risks in election security legislation and broader intelligence oversight work,Brian Fitzpatrick (U.S. House Website)
flood.house.gov,Mike Flood,Hosted Flyover Fintech conference panels on AI and banking and regularly frames AI through innovation and fintech policy rather than safety guardrails,Mike Flood (U.S. House Website)
fong.house.gov,Vince Fong,Also pushed a federal autonomous trucking framework and broader smart agriculture innovation agenda rather than stronger AI guardrails | Introduced the NSF AI Education Act of 2025 to expand AI scholarships research and workforce training,Vince Fong (U.S. House Website)
foreignaffairs.house.gov,Bill Huizenga,Chaired House hearing on export controls and the AI arms race with China as part of national-security oversight,Bill Huizenga (U.S. House Website)
foster.house.gov,Bill Foster,Introduced the Chip Security Act to stop smuggling of advanced AI chips and argued Congress must keep powerful AI technology out of the wrong hands | Led a bipartisan effort calling for action on a potential AI bubble and for federal monitoring of systemic financial risks from concentrated AI investment,Bill Foster (U.S. House Website)
foster.house.gov,Bill Huizenga,Co-led Chip Security Act to stop smuggling of advanced AI chips to unauthorized countries and end users,Bill Huizenga (U.S. House Website)
foushee.house.gov,Deborah Ross,Hosted AI roundtable with NIST AI Safety Institute officials and local industry leaders focused on federal guardrails for safe secure and trustworthy AI development,Deborah Ross (U.S. House Website)
foushee.house.gov,Valerie Foushee,"Opposed federal preemption of state AI laws and called for a federal framework that protects rights privacy and jobs rather than bulldozing safeguards | Said Congress must enact meaningful AI policies to protect jobs and ensure responsible development, and released a report pressing industry for transparency around AI-driven layoffs",Valerie Foushee (U.S. House Website)
foxx.house.gov,Virginia Foxx,Current NC-05 general-election candidacy is clear; no AI policy or AI regulation position found,Virginia Foxx (U.S. House Website)
friedman.house.gov,Laura Friedman,Led House Democrats opposing the federal AI moratorium and argued states need room to enforce AI safeguards and consumer protections,Laura Friedman (U.S. House Website)
fulcher.house.gov,Russ Fulcher,Introduced legislation requiring disclosure when smart appliances are equipped with hidden cameras or microphones and separately questioned how generative AI should be treated under Section 230,Russ Fulcher (U.S. House Website)
gabeevans.house.gov,Gabe Evans,Official site says he voted for the July 3 2025 budget package that included the federal moratorium on state AI regulation | Promoted the Trump AI Action Plan for removing prior AI guardrails and accelerating AI dominance,Gabe Evans (U.S. House Website)
garamendi.house.gov,John Garamendi,Current House and campaign materials focus agriculture transportation and public safety with no clear AI policy or AI regulation position found after broader search,John Garamendi (U.S. House Website)
garbarino.house.gov,Andrew Garbarino,"Said Congress needs broad, expert-informed AI regulation with cybersecurity protections built into development",Andrew Garbarino (U.S. House Website)
gill.house.gov,Brandon Gill,TX-26 general-election candidacy reviewed; no AI policy or AI regulation position found,Brandon Gill (U.S. House Website)
gillen.house.gov,Laura Gillen,Introduced bipartisan Advancing Regional Quantum Hubs Act and explicitly framed it as boosting Long Island AI leadership and U.S. competitiveness,Laura Gillen (U.S. House Website)
gluesenkampperez.house.gov,Marie Gluesenkamp Perez,Official congressional materials mention AI only in administrative contest rules and broader campaign messaging but no substantive AI policy or AI regulation position found,Marie Gluesenkamp Perez (U.S. House Website)
goldman.house.gov,Dan Goldman,Pressed platforms over automated moderation failures and digital misinformation harms,Dan Goldman (U.S. House Website)
gomez.house.gov,Jimmy Gomez,Public materials reviewed did not show a substantive AI policy or AI regulation record in this race after broader search,Jimmy Gomez (U.S. House Website)
gooden.house.gov,Lance Gooden,Won the TX-05 Republican nomination unopposed; official release mentions AI-related committee jurisdiction but no AI policy or AI regulation position found,Lance Gooden (U.S. House Website)
goodlander.house.gov,Maggie Goodlander,Urged CMS to reject Medicare models that use artificial intelligence for medical-necessity determinations because such tools can worsen denials of needed care,Maggie Goodlander (U.S. House Website)
gottheimer.house.gov,Josh Gottheimer,"Co-chairs the House Commission on Artificial Intelligence and the Innovation Economy and has publicly called for both innovation and necessary guardrails on AI | Introduced bipartisan AI Workforce Training Act and separately backed DeepSeek restrictions over privacy and security risks, showing a broad though still security-and-innovation-heavy AI record",Josh Gottheimer (U.S. House Website)
gov.nv.gov,Joe Lombardo,Lombardo administration climate innovation plan frames Nevada as using innovation to address public problems; broader innovation posture complements the state AI policy,
gov.texas.gov,Greg Abbott,Appointed members to Texas AI Advisory Council,
governor.arkansas.gov,Sarah Huckabee Sanders,"Led 17 Republican governors opposing 10-year federal AI moratorium; signed 3 AI laws in 2025 (IP, likeness, CSAM); wrote 'America Can't Wait 10 Years to Regulate AI' op-ed; federalism-based regulatory stance",
governor.hawaii.gov,Josh Green,Signed deepfake regulation law (2023) and additional deepfake laws (2024); supported HB 1782 protecting minors from AI harms; AG urged Congress to expand CSAM laws to cover AI-generated material,
governor.maryland.gov,Wes Moore,"Announced $4M AI/tech workforce training investment (Feb 2026) — $2.5M for upskilling, $1.5M for community AI/cyber clinics; partnership with labor unions so 'no Maryland worker is left behind' | Moore signed executive order (Jan 2024) on responsible AI in state government — established principles of fairness, equity, privacy, safety, transparency, accountability; created AI Subcabinet to develop guardrails for all state agencies",
governor.nc.gov,Roy Cooper,Executive Order No. 24 – Advancing Trustworthy AI That Benefits All North Carolinians,
governor.nh.gov,Kelly Ayotte,"Signed SB 300 (2025): AI-generated CSAM is a Class B felony in NH effective Jan 1, 2026 — registrable sex offense",
governor.ny.gov,Kathy Hochul,"Hochul launched Empire AI Consortium — $500M+ public/private investment in AI supercomputing at University at Buffalo; members include Columbia, Cornell, NYU, RPI, CUNY, SUNY | Hochul outlawed AI-generated CSAM; proposed banning AI deepfakes in political ads within 90 days of elections; required disclosures on digitized political communications (Jan 2026 State of the State) | Hochul signed AI companion chatbot safety law — requires crisis protocols for suicidal ideation, human disclosure every 3 hours; sent enforcement letters to AI companion companies | Hochul signed the RAISE Act (Dec 2025) — nation-leading law requiring frontier AI developers ($100M+ compute) to publish safety protocols, report incidents within 72 hours; $1M-$3M penalties",
governor.ny.gov,Peter Oberacker,"Voted yes on NY RAISE Act (58-1): requires large AI developers to publish safety protocols and report critical incidents within 72 hours, creates AI oversight office in Dept. of Financial Services; signed Dec. 19, 2025",
governor.ri.gov,Dan McKee,"Signed EO establishing statewide AI Task Force and Data Center of Excellence; released comprehensive AI roadmap (Jan 2026) treating AI as 'public infrastructure' with sector plans for schools, hospitals, small businesses",
gray.house.gov,Adam Gray,Official congressional and campaign materials emphasize agriculture water and Valley jobs but no substantive AI policy or AI regulation position found after broader search,Adam Gray (U.S. House Website)
grijalva.house.gov,Adelita Grijalva,Current AZ-07 campaign and House materials focus immigration oversight and community protection with no clear AI policy or AI regulation position found after broader search,Adelita Grijalva (U.S. House Website)
guthrie.house.gov,Brett Guthrie,Current KY-02 candidacy is clear; no AI policy or AI regulation position found,Brett Guthrie (U.S. House Website)
hageman.house.gov,Harriet Hageman,Introduced FAIR Act requiring AI used in federal procurement to be factual and politically neutral; co-led inquiry into IRS AI surveillance raising 4th Amendment concerns; voted for Big Beautiful Bill AI preemption provision,Harriet Hageman (U.S. House Website)
hagerty.senate.gov,Bill Hagerty,Warned 'federal overregulation of AI will limit election speech'; co-introduced bill to block SEC AI conflict-of-interest rule; repeatedly called for 'light touch' approach and opposed 'all-encompassing regulation',Bill Hagerty (U.S. Senate Website)
harder.house.gov,Josh Harder,Backed high risk high reward biomedical research and public interest innovation,Josh Harder (U.S. House Website)
harrigan.house.gov,Pat Harrigan,"Introduced SkyFoundry Act to massively expand U.S. drone manufacturing and repeatedly framed AI as part of military modernization and dominance rather than civilian safeguards or oversight | Secured NDAA provisions advancing artificial intelligence and critical infrastructure for military capability, reinforcing a deployment-first posture",Pat Harrigan (U.S. House Website)
help.senate.gov,Bill Cassidy,Introduced bipartisan AI-in-schools bill (2025) helping states safely integrate AI in classrooms with parental empowerment provisions | Released formal AI white paper as HELP Committee ranking member opposing 'one-size-fits-all' regulation; introduced RAISE Act for AI in K-12; wants AI to help regulate AI; innovation-forward with targeted guardrails,Bill Cassidy (U.S. Senate Website)
hickenlooper.senate.gov,John Hickenlooper,"ARIA Act introduced bipartisan — establishes transparency, accountability, and security frameworks for high-impact AI applications | Co-signed Senate inquiry to DoD Secretary Hegseth demanding answers on Pentagon's use of xAI Grok given its antisemitic outputs and AI-generated CSAM history (Feb 2026) | Hickenlooper + Thune urge federal AI standards: 'consumers should be empowered to trust the AI systems they interact with' | Hickenlooper chaired Senate Commerce subcommittee hearing on AI transparency and consumer trust; proposed AI auditing standards and consumer data protections | Hickenlooper co-sponsored TAKE IT DOWN Act — criminalizes AI-generated deepfake pornography, requires platform removal | Hickenlooper introduced ARIA Act (AI Research Innovation and Accountability Act) — establishes transparency measures for AI developers and deployers | Hickenlooper introduced VET AI Act — directs NIST to develop guidelines for independent third-party audits of AI systems; passed Senate Commerce Committee | On AI self-regulation: 'We can't let an industry with so many unknowns and potential harms police itself' — called for qualified third-party audits | TAKE IT DOWN Act signed into law (May 2025) — Hickenlooper co-sponsored bill criminalizing AI deepfake intimate imagery and mandating 48-hour platform removal | VET AI Act (S.2615) reintroduced and passed Senate Commerce Committee bipartisan — directs NIST to create third-party AI audit guidelines",John Hickenlooper (U.S. Senate Website)
himes.house.gov,Jim Himes,Backed intelligence legislation encouraging development and implementation of artificial intelligence while pairing it with congressional oversight and national-security controls | Introduced bipartisan legislation to protect Americans from foreign commercial spyware attacks and argued for stronger guardrails against invasive surveillance technology,Jim Himes (U.S. House Website)
hinson.house.gov,Ashley Hinson,"Joined Child Exploitation and Artificial Intelligence Expert Commission Act to create legal framework for law enforcement to combat AI-generated CSAM; stated ""we need to be proactive — not reactive — about this potential danger""",Ashley Hinson (U.S. House Website)
historical.elections.virginia.gov,Mike W. Clancy,General-election Republican candidate in VA-10; no AI policy or AI regulation position found,
historical.elections.virginia.gov,Suhas Subramanyam,Incumbent VA-10 candidate materials reviewed; no AI policy or AI regulation position found,
homeland.house.gov,Andy Ogles,As cyber subcommittee chair he held hearings on AI driven cyber threats and offensive cyber posture but not a broader AI safety framework,Andy Ogles (U.S. House Website)
homeland.house.gov,Mike Rogers,Has a longstanding defense focused AI posture centered on military modernization and competition with China rather than civil AI guardrails,Mike Rogers (U.S. House Website)
hsgac.senate.gov,John Cornyn,Bipartisan bill with Peters to establish Chief AI Officers at every federal agency,John Cornyn (U.S. Senate Website)
hudson.house.gov,Richard Hudson,Chairs the Communications and Technology Subcommittee and promotes innovation and defense technology; no AI governance or regulation position found,Richard Hudson (U.S. House Website)
huffman.house.gov,Bruce Westerman,Promoted expanded federal use of AI drones and mapping software for wildfire and land management but not a broader AI governance framework,Bruce Westerman (U.S. House Website)
huffman.house.gov,Jared Huffman,Encouraged scaling AI and mapping software for wildfire response and land management; no broader AI governance framework found,Jared Huffman (U.S. House Website)
hurd.house.gov,Jeff Hurd,"Cosponsored bill to use agentic AI to review and streamline the Code of Federal Regulations (using AI as a deregulation tool, not regulating AI); publicly favors federal preemption of state AI laws over ""patchwork"" of state regulations",Jeff Hurd (U.S. House Website)
husted.senate.gov,Jon Husted,Introduced Leveraging AI to Streamline the Federal Code Act — uses AI to identify and cut 'redundant and outdated' federal regulations; explicitly frames AI as deregulatory instrument | WSJ op-ed 'AI Can Be a Force for Deregulation'; introduced RAISE Act for K-12 AI literacy; used AI to identify redundant federal regulations; most active Senate AI booster,Jon Husted (U.S. Senate Website)
idfpr.illinois.gov,JB Pritzker,Signed HB 1806 (Aug 2025): nation's first law banning unlicensed AI therapy chatbots; prohibits AI from performing mental health decisions without licensed clinician oversight; passed unanimously in both chambers,
it.nc.gov,Roy Cooper,Established NC AI Leadership Council to advise governor and state agencies on AI strategy | Principles for Responsible Use of AI – NCDIT | Published NC State Government Responsible Use of AI Framework (Aug 2024) – privacy / transparency / risk reduction,
jayapal.house.gov,Jeff Merkley,Co-sponsored AI Civil Rights Act — bans discriminatory AI algorithms in critical decisions; requires pre- and post-deployment testing; increases algorithmic transparency | Introduced ICE Out of Our Faces Act with Markey/Jayapal/Wyden — bans ICE and CBP from acquiring or using facial recognition technology,Jeff Merkley (U.S. House Website)
jayapal.house.gov,Pramila Jayapal,"Co-led reintroduction of the AI Civil Rights Act to require testing, transparency, and guardrails against discriminatory AI in high-stakes decisions | Introduced ICE Out of Our Faces Act to ban ICE and CBP use of facial recognition technology, calling it an unaccountable surveillance tool",Pramila Jayapal (U.S. House Website)
jeffries.house.gov,Hakeem Jeffries,Announced House Democratic Commission on AI and the Innovation Economy and said Congress needs policies and guardrails to prevent AI harms while supporting innovation | Received bipartisan House AI Task Force report and highlighted the need for appropriate guardrails to protect Americans alongside innovation leadership,Hakeem Jeffries (U.S. House Website)
jerrycarl.house.gov,Jerry Carl,Campaign and House materials focus border security offshore energy and fisheries with no clear AI policy or AI regulation position found after broader search,Jerry Carl (U.S. House Website)
jordan.house.gov,Jim Jordan,No AI policy or AI regulation position found,Jim Jordan (U.S. House Website)
joyce.house.gov,David Joyce,No AI policy or AI regulation position found,David Joyce (U.S. House Website)
judiciary.house.gov,Harriet Hageman,Co-led inquiry into IRS use of AI to surveil Americans' financial transactions without legal process — civil liberties/conservative oversight framing,Harriet Hageman (U.S. House Website)
juliabrownley.house.gov,Julia Brownley,Backed bipartisan legislation to block foreign adversary LiDAR systems used in smart infrastructure and transport technology but not a broader AI governance framework,Julia Brownley (U.S. House Website)
kaptur.house.gov,Marcy Kaptur,Reintroduced bipartisan bill to protect inventors and small patent holders as AI-related innovation accelerates,Marcy Kaptur (U.S. House Website)
kean.house.gov,Tom Kean Jr.,Introduced bipartisan bill criminalizing and creating civil penalties for non-consensual AI deepfake pornography | Introduced bipartisan bill to strengthen export-control enforcement for stolen AI chips and add whistleblower protections,Tom Kean Jr. (U.S. House Website)
kennedy.house.gov,Tim Kennedy,No AI policy or AI regulation position found,Tim Kennedy (U.S. House Website)
kevinmullin.house.gov,Kevin Mullin,Introduced the AV Safety Data Act to require stronger public reporting and transparency around autonomous vehicle safety incidents | Led lawmakers examining how AI data center growth could raise household energy costs | Questioned AI risk management in Science Committee oversight and led scrutiny of AI data center impacts on energy costs | Raised explicit concerns about deepfakes and ChatGPT in political communication and democracy in a House Science Committee hearing,Kevin Mullin (U.S. House Website)
khanna.house.gov,Ro Khanna,Backed ethical AI development and explicit guidelines for transparency privacy accountability fairness and safety | Called for thoughtful AI regulation on misinformation deepfakes privacy and concentration while still supporting innovation,Ro Khanna (U.S. House Website)
kiggans.house.gov,Jen Kiggans,Introduced AI for America Act calling for a federal AI strategy while also removing regulatory barriers to adoption,Jen Kiggans (U.S. House Website)
kiley.house.gov,Kevin Kiley,Held a congressional hearing on the impact of AI on K-12 education and framed AI as requiring active governance and safety attention | Introduced the SAFE AI Research Grants Act to fund AI safety research and develop ethical guidance for safe AI development,Kevin Kiley (U.S. House Website)
klobuchar.senate.gov,Amy Klobuchar,"AI Scam Prevention Act (Dec 2025) with Capito — prohibits using AI to impersonate any person with intent to defraud; codifies FTC ban on impersonating government/business officials | Klobuchar co-authored AIRIA Act — establishes testing standards for high-risk AI, transparency requirements, and watermarking research | Klobuchar co-authored Protect Elections from Deceptive AI Act — prohibits AI deepfakes of federal candidates in political ads; advanced out of Rules Committee 2024 | Klobuchar co-authored TAKE IT DOWN Act — criminalizes AI-generated deepfake pornography; requires platform removal within 48 hours; signed into law May 2025 | Klobuchar co-signed Senate Bipartisan AI Policy Roadmap (May 2024); chaired Rules Committee hearings on AI in elections; one of the most prolific AI legislators in the Senate | NO FAKES Act reintroduced (April 2025) with Coons/Blackburn/Tillis — federal right for every American to protect their voice and likeness from AI replication without consent; now supported by YouTube and OpenAI | NO FAKES Act reintroduced (May 2025) with Coons/Blackburn/Tillis — federal right protecting Americans' voice and likeness from AI deepfakes | NYT op-ed: 'State A.I. Laws Keep Us Safe. Trump's Next Move Could Upend That.' — states have 'a right and a duty' to regulate AI until federal standards pass; directly opposed Trump's state preemption plan | Preparing Election Administrators for AI Act reintroduced (2025) with Collins and Kelly — directs EAC and NIST to develop voluntary AI guidelines for election offices covering cybersecurity, disinformation, and AI risks",Amy Klobuchar (U.S. Senate Website)
kustoff.house.gov,David Kustoff,Incumbent TN-08 candidacy reviewed; no AI policy or AI regulation position found,David Kustoff (U.S. House Website)
lahood.house.gov,Darin LaHood,Introduced legislation to ban DeepSeek from government devices and to defend U.S. AI systems from foreign adversaries,Darin LaHood (U.S. House Website)
lalota.house.gov,Nick LaLota,Current NY-01 candidacy is clear; no AI policy or AI regulation position found,Nick LaLota (U.S. House Website)
landsman.house.gov,Greg Landsman,Introduced Ban AI Denials in Medicare Act to prohibit AI prior-authorization models from delaying or denying Medicare procedures | Introduced bill to protect residents from rising electricity costs caused by AI data centers,Greg Landsman (U.S. House Website)
langworthy.house.gov,Don Davis,Cosponsored the Child Exploitation and Artificial Intelligence Expert Commission Act addressing AI-generated child exploitation material,Don Davis (U.S. House Website)
langworthy.house.gov,Nick Langworthy,Introduced legislation to create an expert commission on AI-generated child sexual abuse material and said AI growth requires a legal framework to prevent detect and prosecute child exploitation crimes,Nick Langworthy (U.S. House Website)
larsen.house.gov,Rick Larsen,Introduced bipartisan bill to improve and expand artificial intelligence education for U.S. servicemembers,Rick Larsen (U.S. House Website)
larson.house.gov,John Larson,Introduced the Workforce of the Future Act and explicitly argued that AI requires worker-protection and education policy so people are not left behind by rapid deployment,John Larson (U.S. House Website)
latimer.house.gov,George Latimer,No AI policy or AI regulation position found,George Latimer (U.S. House Website)
latta.house.gov,Bob Latta,No AI policy or AI regulation position found,Bob Latta (U.S. House Website)
lawfilesext.leg.wa.gov,John Braun,"Opposed Washington bill requiring bargaining over certain workplace AI uses, arguing it would slow implementation and limit efficiency | Sponsored 2026 Washington bill to use agentic AI to streamline regulations and reduce red tape",
lawler.house.gov,Mike Lawler,Introduced CHAT Act to impose safeguards on AI companion chatbots interacting with minors | Voted for the May 22 2025 House package that contained the federal moratorium on state AI regulation,Mike Lawler (U.S. House Website)
leg.colorado.gov,Barbara Kirkmeyer,Colorado legislative and launch materials reviewed; no AI-specific campaign or policy position found,
leg.colorado.gov,Shannon Bird,Voted to advance Colorado's 2025 consumer-protections bill for AI interactions in committee,
leger.house.gov,Teresa Leger Fernandez,Current NM-03 candidacy is clear; no AI policy or AI regulation position found,Teresa Leger Fernandez (U.S. House Website)
leginfo.legislature.ca.gov,Jasmeet Bains,Coauthored AB 489 enacted October 11 2025 restricting deceptive use of AI in health-care advertising and functionality,
legis.iowa.gov,Brad Sherman,"WARNING: Prior evidence likely misattributed from CA Rep. Brad Sherman (D-CA-32, House Financial Services AI Task Force); Iowa Brad Sherman (state rep, District 91) has no documented AI record",
legislature.maine.gov,Shenna Bellows,Submitted official legislative testimony supporting LD 517 (deepfake political ad disclosure bill); stated AI tools 'will only supercharge' disinformation; voters can't distinguish real from fake,
legislature.ohio.gov,Josh Williams,Cosponsored Ohio HB106 to let schools buy artificial-intelligence firearm-detection software,
liccardo.house.gov,Sam Liccardo,Led a congressional innovation agenda that addresses AI competition while pairing innovation with consumer protections | Publicly backed AI related innovation and deployment such as wildfire robotics; no AI safety or regulation record found,Sam Liccardo (U.S. House Website)
lieu.house.gov,Raul Ruiz,Supported the bipartisan House AI task force framework balancing innovation with guardrails as a task force member,Raul Ruiz (U.S. House Website)
lieu.house.gov,Ted Lieu,Publicly argued Congress must regulate AI now and laid out specific catastrophic and present harm concerns | Served as co-chair of the House bipartisan AI task force,Ted Lieu (U.S. House Website)
lindasanchez.house.gov,Linda Sanchez,Public materials reviewed did not show a substantive AI policy or AI regulation record in this race after broader search,Linda Sanchez (U.S. House Website)
lofgren.house.gov,Zoe Lofgren,Her 2025 anti piracy legislation came from the courts intellectual property artificial intelligence and internet oversight role; no standalone AI guardrails record found | Serves as a senior member of the House courts intellectual property artificial intelligence and internet subcommittee and on the House Democratic AI commission,Zoe Lofgren (U.S. House Website)
ltgov.georgia.gov,Burt Jones,Large AI data center project proposed on Jones family land in Butts County — raises conflict-of-interest concerns about his relationship to AI infrastructure; framed as economic development not regulation,
lucas.house.gov,Frank Lucas,"As House Science Committee Chair, repeatedly framed AI as needing congressional oversight and risk management; pro-governance stance on AI development | As chair of the House Science Committee, repeatedly framed AI as needing congressional oversight and risk management while still emphasizing U.S. technological leadership",Frank Lucas (U.S. House Website)
lujan.senate.gov,Ben Ray Lujan,"Lujan introduced TEST AI Act — bipartisan bill directing NIST and DOE national labs (Sandia, Los Alamos) to build federal AI testing infrastructure; quoted: 'responsible guardrails that protect our national security' | Lujan secured $762K for NM State University AI curriculum development in FY2026 appropriations; engaged NIST and DOE national labs on AI guardrails over multiple years",Ben Ray Lujan (U.S. Senate Website)
lynch.house.gov,Stephen Lynch,"As lead Democrat on the House Financial Services AI working group, publicly called for robust federal oversight and an adaptive regulatory framework to address AI risks to consumers privacy and financial stability | Said responsible AI innovation in financial services must maximize consumer safety security data privacy and equity while being paired with common-sense oversight",Stephen Lynch (U.S. House Website)
mace.house.gov,Nancy Mace,Championed Take It Down Act (Trump signed May 2025): criminalizes AI deepfake nonconsensual intimate images; also introduced RESPECT Act with tougher sentences for deepfake threats,Nancy Mace (U.S. House Website)
mackenzie.house.gov,Ryan Mackenzie,Led Pennsylvania legislation and later backed federal law against AI-generated deepfake sexual exploitation and explicit images,Ryan Mackenzie (U.S. House Website)
maine.gov,Janet Mills,"Mills signed exec order creating Maine AI Task Force (Dec 2024) — 34 recommendations to 'strengthen guardrails against potential harms' while bolstering innovation | Mills signed two AI deepfake protection bills — updated state law to cover AI-generated non-consensual intimate images | Task Force final report: 34 recommendations covering workforce, public sector deployment, and consumer protections — Mills allocated $6.7M in budget for AI safeguards",
maine.gov,Susan Collins,39 Maine state lawmakers signed letter urging Collins to oppose AI moratorium — she complied; broke with Cruz and Senate GOP leadership on this,
malliotakis.house.gov,Nicole Malliotakis,Uses AI-driven computational research as one alternative in animal-testing legislation; no broader AI governance or regulation position found,Nicole Malliotakis (U.S. House Website)
mann.house.gov,Sharice Davids,Co-led Roadway Safety Modernization Act to enable use of AI-powered predictive risk technology and data-driven interventions to prevent crashes before they happen,Sharice Davids (U.S. House Website)
mann.house.gov,Tracey Mann,Introduced bipartisan bill to use predictive analytics and AI-powered risk technology for roadway safety,Tracey Mann (U.S. House Website)
mannion.house.gov,John Mannion,Current NY-22 candidacy is clear; no AI policy or AI regulation position found,John Mannion (U.S. House Website)
markey.senate.gov,Cori Bush,Previously backed the AI Civil Rights Act and related guardrail legislation aimed at preventing discriminatory AI use in high-stakes decisions,Cori Bush (U.S. Senate Website)
markey.senate.gov,Ed Markey,"Applauded GAO report on generative AI's environmental impacts (2025); continuing push on AI's resource/energy costs | Data center campaign: pressed EPA on Clean Air Act permitting; hosted 'Data Center Next Door' roundtable on environmental harms; wrote FERC urging protection from rate hikes for families | Filed amendment to strip 10-year state AI preemption from reconciliation bill (June 2025); led successful 99-1 Senate floor vote to kill the moratorium (July 1, 2025) | Led inquiry to nine AI companies demanding answers on working conditions of underpaid data labelers and content moderators | Markey and Warren urged Democratic colleagues to oppose the 2026 NDAA if it included an AI regulation moratorium, calling it 'a massive giveaway to Big Tech' that would prevent states from protecting residents from AI risks | Markey co-introduced AI Environmental Impacts Act with Heinrich — requires NIST to develop standards measuring AI energy/water use and e-waste | Markey introduced AI Civil Rights Act — comprehensive guardrails on algorithmic decisions; requires pre/post-deployment testing; targets bias in hiring, housing, credit, healthcare | Markey introduced Eliminating BIAS Act — requires every federal agency that uses or funds AI to have a civil rights office focused on combating AI discrimination | Markey introduced States' Right to Regulate AI Act (Dec 2025) — led 10 colleagues to block Trump executive order preempting state AI regulation; 'states should be able to protect their residents' | Markey introduced bipartisan Strategy for Public Health Preparedness and Response to AI Threats Act — prepares federal public health infrastructure for AI-enabled health threats | Right to Override Act — requires healthcare facilities to offer human override for AI-driven clinical decisions, protecting patients and health workers",Ed Markey (U.S. Senate Website)
markey.senate.gov,Jeff Merkley,Joined letter to Google CEO pressing concern that Google reversed promises not to develop potentially harmful AI technologies (Feb 2025),Jeff Merkley (U.S. Senate Website)
markey.senate.gov,Mark Pocan,Backed the AI Civil Rights Act and other guardrail legislation aimed at preventing discrimination and requiring transparency for high-stakes AI systems,Mark Pocan (U.S. Senate Website)
marshall.senate.gov,Roger Marshall,Participated in Senate HSGAC hearing on AI in government services; announced AI education/training partnership with Kansas community college and National Guard; no major AI legislation sponsored,Roger Marshall (U.S. Senate Website)
marymiller.house.gov,Mary Miller,Current IL-15 general-election nomination is clear; no AI policy or AI regulation position found,Mary Miller (U.S. House Website)
mass.gov,Maura Healey,"First governor to deploy ChatGPT enterprise-wide across 40K state employees; launched $31M MA AI Hub; said 'I embrace AI, I think it's amazing' and 'less focused on regulation'",
matsui.house.gov,Doris Matsui,Led House opposition to the federal AI moratorium and argued for common sense AI guardrails and state authority to protect consumers | Opposed Trump's AI executive order and defended state AI safeguards while calling for a federal framework that keeps people safe | Supported AI transparency rules for political advertising and framed generative AI as a real threat to the electoral process requiring disclosure safeguards,Doris Matsui (U.S. House Website)
maxmiller.house.gov,Max Miller,Found support for advanced computing in weather prediction and innovation policy; no AI policy or AI regulation position found,Max Miller (U.S. House Website)
mcclaindelaney.house.gov,April McClain Delaney,Incumbent MD-06 candidacy reviewed; no AI policy or AI regulation position found,April McClain Delaney (U.S. House Website)
mcclellan.house.gov,Jennifer McClellan,"Congressional art competition rules under McClellan explicitly bar AI-assisted submissions, showing direct attention to AI-generated content issues | Introduced bipartisan CONSENT Act to ban cyberflashing and transfer of unsolicited AI-generated explicit images | Introduced bipartisan CONSENT Act to ban cyberflashing and transfer of unsolicited AI-generated explicit images without consent; direct consumer-protection AI legislation",Jennifer McClellan (U.S. House Website)
mcclintock.house.gov,Tom McClintock,Current House and campaign materials focus spending and constitutional issues with no clear AI policy or AI regulation position found after broader search,Tom McClintock (U.S. House Website)
mccollum.house.gov,Betty McCollum,No AI policy or AI regulation position found,Betty McCollum (U.S. House Website)
mccormick.house.gov,Rich McCormick,Led a congressional letter demanding withdrawal or major revision of the Biden AI export rule and then celebrated its rescission as a win for the tech industry and U.S. AI competitiveness,Rich McCormick (U.S. House Website)
mcdonaldrivet.house.gov,Kristen McDonald Rivet,Introduced bill requiring call centers to disclose when AI is being used and ordering a report on job losses associated with AI use | Official congressional materials focus jobs manufacturing child care and Great Lakes issues with no substantive AI policy or AI regulation position found after broader search,Kristen McDonald Rivet (U.S. House Website)
mcdowell.house.gov,Addison McDowell,Official materials show support for student app development and AI-enabled health tools; no AI policy or AI regulation position found,Addison McDowell (U.S. House Website)
mcgarvey.house.gov,Morgan McGarvey,Introduced VA innovation legislation emphasizing design test and deployment of emerging health technologies with congressional oversight,Morgan McGarvey (U.S. House Website)
mcguire.house.gov,John McGuire,Incumbent VA-05 campaign and official materials reviewed; no AI policy or AI regulation position found,John McGuire (U.S. House Website)
meeks.house.gov,Gregory Meeks,Introduced legislation to block export of advanced AI chips to China and framed AI policy mainly through national-security competition and export controls,Gregory Meeks (U.S. House Website)
menendez.house.gov,Rob Menendez,"Introduced AI for Secure Networks Act to use AI to protect telecom networks while also assessing cybersecurity risks from misuse of AI | Introduced legislation to protect Americans from utility and environmental harms caused by AI data centers, requiring transparency and limiting consumer cost burdens",Rob Menendez (U.S. House Website)
meng.house.gov,Grace Meng,No AI policy or AI regulation position found,Grace Meng (U.S. House Website)
merkley.senate.gov,Jeff Merkley,Co-led Senate letter to DOD demanding answers on AI use in military targeting of Iran; specifically questioned whether AI tools selected targets and whether human verification occurred before strikes | Co-sponsored Algorithmic Accountability Act — requires AI impact assessments for housing/employment/education decisions; public FTC repository of AI systems,Jeff Merkley (U.S. Senate Website)
messmer.house.gov,Mark Messmer,Current IN-08 presumptive candidacy is clear; no AI policy or AI regulation position found,Mark Messmer (U.S. House Website)
millermeeks.house.gov,Mariannette Miller-Meeks,Hosted congressional briefing on responsible healthcare AI emphasizing privacy ethics and clinician oversight | Proudly backed the July 3 2025 House bill that included the federal moratorium on state AI regulation,Mariannette Miller-Meeks (U.S. House Website)
mills.house.gov,Cory Mills,Official congressional and campaign materials focus foreign policy veterans and border security with no substantive AI policy or AI regulation position found after broader search,Cory Mills (U.S. House Website)
min.house.gov,Dave Min,Current House and campaign materials did not show a substantive AI policy or AI regulation record in this race after broader search,Dave Min (U.S. House Website)
morelle.house.gov,Joseph Morelle,"Authored and repeatedly reintroduced legislation to criminalize and create civil remedies for AI-generated intimate deepfakes, explicitly framing AI harms as requiring federal protection | Earlier introduced the Preventing Deepfakes of Intimate Images Act and argued Congress must act proactively as AI spreads through society",Joseph Morelle (U.S. House Website)
morrison.house.gov,Kelly Morrison,Current MN-03 candidacy is clear; no AI policy or AI regulation position found,Kelly Morrison (U.S. House Website)
moulton.house.gov,Seth Moulton,"Co-sponsored bipartisan resolution calling for a national AI strategy across workforce, national security, R&D, and ethics; warned 'If we don't set the rules of the road for AI, China or Russia will' | Voted for FY26 NDAA (Dec 2025) which includes Section 1061 requiring Pentagon to report waivers of autonomous weapons policy to Congress — consistent with his call for military AI guardrails",Seth Moulton (U.S. House Website)
mrvan.house.gov,Frank Mrvan,Official congressional and campaign materials focus labor housing veterans and appropriations work with no substantive AI policy or AI regulation position found after broader search,Frank Mrvan (U.S. House Website)
murphy.house.gov,Greg Murphy,Found telehealth and medical-technology advocacy; no AI governance or regulation position found,Greg Murphy (U.S. House Website)
neal.house.gov,Richard Neal,"Said DOGE access to sensitive Social Security data, combined with fears surrounding artificial intelligence, threatens Americans privacy and should alarm the public",Richard Neal (U.S. House Website)
neguse.house.gov,Joe Neguse,Backed a 10-year federal R&D roadmap focused on artificial intelligence and emphasized that government must lead on responsible innovation and competitiveness rather than leaving the field unguided,Joe Neguse (U.S. House Website)
newdemocratcoalition.house.gov,Steven Horsford,Member of the New Democrat Coalition Artificial Intelligence Working Group,Steven Horsford (U.S. House Website)
news.sd.gov,Larry Rhoden,"Banned DeepSeek and RedNote from all state government devices and personal devices used on state time (March 2025), citing national security threat from Chinese Communist Party",
nunn.house.gov,Zach Nunn,Introduced AI PLAN Act and publicly argued for AI guardrails against fraud scams and foreign manipulation | Introduced Federal Artificial Intelligence Risk Management Act requiring federal agencies to use NIST AI risk-management safeguards,Zach Nunn (U.S. House Website)
nysenate.gov,Peter Oberacker,"Voted yes on NY S934A: requires generative AI systems to display conspicuous warning that outputs ""may be inaccurate and/or inappropriate""; civil penalties up to $1,000 per violation",
obernolte.house.gov,Jay Obernolte,Chairs the House Science research and technology subcommittee with explicit leadership on AI and responsible innovation | Introduced the bipartisan CREATE AI Act to broaden access to AI research tools and trustworthy AI development infrastructure,Jay Obernolte (U.S. House Website)
ocasio-cortez.house.gov,Alexandria Ocasio-Cortez,Led bipartisan introduction and reintroduction of the DEFIANCE Act to create federal civil remedies for non-consensual AI deepfake imagery | Publicly warned about AI-driven psychological and economic harms and argued Congress cannot leave AI chatbots and other systems unregulated,Alexandria Ocasio-Cortez (U.S. House Website)
okhouse.gov,Cyndi Munson,Introduced HB 3959 to ban algorithmic AI surveillance pricing; pushed legislation requiring human final decision-maker for AI-recommended health insurance denials,
oklahoma.gov,Gentner Drummond,"As AG, joined 40+ AG coalitions demanding AI chatbot guardrails for children; demanded xAI restrict Grok from generating CSAM; opposed congressional bill barring states from enacting AI regulations | Joined coalition of 43+ AGs demanding AI chatbot guardrails for children; cited Meta authorizing AI to flirt with children as young as 8 and chatbots encouraging self-harm in teenagers",
omar.house.gov,Ilhan Omar,"As Workforce Protections Subcommittee ranking member, framed AI deployment as requiring safer workplaces and worker protections rather than unchecked employer use | Introduced legislation to require transparency and accountability for app-based platforms using hidden algorithms and automated decision systems affecting worker pay and assignments",Ilhan Omar (U.S. House Website)
osi.az.gov,Katie Hobbs,OSI announcement of AI Steering Committee members,
ossoff.senate.gov,Jon Ossoff,"AI & Human Rights hearing (chaired – Senate Human Rights Subcommittee) | Bipartisan inquiry with Sen. Blackburn to DOJ on AI-generated CSAM, calling for increased prosecutorial resources | DoD/Grok inquiry – pushed back on Pentagon using xAI Grok over antisemitic outputs",Jon Ossoff (U.S. Senate Website)
oversight.house.gov,Nancy Mace,Chaired House subcommittee AI oversight hearings; championed AI workforce training legislation; wants to 'unleash AI responsibly without crushing innovation'; voted for bill with federal AI moratorium (later stripped),Nancy Mace (U.S. House Website)
oversight.house.gov,Paul Gosar,Discussed using AI to detect Medicare and Medicaid fraud in oversight work; no broader AI governance framework found,Paul Gosar (U.S. House Website)
pa.gov,Josh Shapiro,Created Generative AI Governing Board to guide AI policy across state agencies | Expanded AI collaboration with CMU – PA ranked top 3 states for AI readiness | Launched multiagency AI Literacy Toolkit for kids / parents / teachers | Signed Digital Forgery Law (SB 649) — third-degree felony for using AI to produce non-consensual deepfakes or voice clones to defraud or harm Pennsylvanians | Signed executive order on safe and responsible AI adoption in state govt (Sept 2023) – nation-leading per PA,
pallone.house.gov,Frank Pallone,No AI policy or AI regulation position found,Frank Pallone (U.S. House Website)
palmer.house.gov,Gary Palmer,Campaign and House materials emphasize taxes regulation and general STEM education but no clear AI policy or AI regulation position found after broader search,Gary Palmer (U.S. House Website)
panetta.house.gov,Jimmy Panetta,Public materials reviewed did not show a substantive AI policy or AI regulation record in this race after broader search,Jimmy Panetta (U.S. House Website)
pappas.house.gov,Chris Pappas,Led NH delegation urging FCC/FEC to prevent AI robocalls | Raised concern about improper AI use in Medicare Advantage prior auth denials,Chris Pappas (U.S. House Website)
patreasury.gov,Stacy Garrity,PA Treasury press release on DeepSeek ban,
patronis.house.gov,Jimmy Patronis,Introduced legislation to codify the Trump executive order against so-called woke AI in the federal government,Jimmy Patronis (U.S. House Website)
patryan.house.gov,Pat Ryan,Current NY-18 candidacy is clear; no AI policy or AI regulation position found,Pat Ryan (U.S. House Website)
perry.house.gov,Scott Perry,Official site news and vote pages show no clear AI safety or AI regulation record found,Scott Perry (U.S. House Website)
pou.house.gov,Nellie Pou,Official congressional site and press releases show transportation and homeland-security work but no substantive AI policy or AI regulation position found after broader search,Nellie Pou (U.S. House Website)
pressley.house.gov,Ayanna Pressley,"Publicly called for Congress to regulate AI and prevent exploitation of Black and marginalized communities, warning against broad federal preemption of state AI protections | Reintroduced the AI Civil Rights Act to require testing transparency and guardrails for AI systems making critical decisions that affect rights livelihoods and civil liberties",Ayanna Pressley (U.S. House Website)
pressley.house.gov,Katherine Clark,Joined reintroduction of the AI Civil Rights Act and said AI innovation must not come at the expense of civil rights justice and accountability,Katherine Clark (U.S. House Website)
raskin.house.gov,Jamie Raskin,Has a substantial congressional record on AI oversight and democratic accountability,Jamie Raskin (U.S. House Website)
reed.senate.gov,Jack Reed,Co-sponsored Preserving American Dominance in AI Act and bipartisan extreme AI risk framework; championed military AI via NDAA; opposed federal preemption of state AI rules,Jack Reed (U.S. Senate Website)
republicanpolicy.house.gov,Kevin Hern,"As House Republican Policy Committee Chair, hosted AEI AI governance forum framing policy around 'innovation, competitiveness, and security'; Trump-endorsed frontrunner",Kevin Hern (U.S. House Website)
republicans-science.house.gov,Randy Feenstra,NOTE: Trustworthy AI subcommittee hearing was September 2022 (not recent); opening statement as Ranking Member of House Science Research & Technology Subcommittee,Randy Feenstra (U.S. House Website)
ricketts.senate.gov,Pete Ricketts,Chairs Senate Foreign Relations AI/China subcommittee; called for 'stable regulatory environment to win the AI race'; praised rescission of Biden's AI Diffusion Rule; spoke at AI+ Expo on innovation as key to competition,Pete Ricketts (U.S. Senate Website)
riley.house.gov,Josh Riley,Current congressional and campaign materials focus anti-corruption affordability and corporate PAC reform with no substantive AI policy or AI regulation position found after broader search,Josh Riley (U.S. House Website)
risch.senate.gov,Jim Risch,"American Voices in Federal Lands Act (July 2024) — blocks AI bots and foreign actors from flooding BLM public comment systems via CAPTCHA requirements | As Senate Foreign Relations Chair convened AI/China competitiveness hearing; co-introduced bipartisan TEST AI Act directing NIST/DOE to build AI testing infrastructure; champions U.S. AI leadership with international standards | TEST AI Act (reintroduced, 119th Congress with Luján) — directs NIST + DOE to build AI evaluation testbeds and standards focused on safety, security, privacy, and bias",Jim Risch (U.S. Senate Website)
ritchietorres.house.gov,Ritchie Torres,Introduced the AI Disclosure Act to require disclaimers on AI-generated material and explicitly called for a regulatory framework to manage existential AI risks,Ritchie Torres (U.S. House Website)
rivas.house.gov,Luz Rivas,Fought the federal AI moratorium and defended state authority to regulate AI harms and emerging technology risks | Introduced the AI for ALL Act to improve national AI literacy and education while emphasizing safe and responsible AI use,Luz Rivas (U.S. House Website)
robertgarcia.house.gov,Robert Garcia,Co-sponsored the NO FAKES Act to protect voice and likeness rights against AI generated digital replicas | Serves on the House Democratic Commission on AI and Innovation and has a direct legislative record on AI harms,Robert Garcia (U.S. House Website)
robinkelly.house.gov,Robin Kelly,"Kelly tech platform: ensure workers 'prepared to work with AI as a positive tool' — no safety regulation positions; bipartisan work with Hurd to cut China AI chip access and push US AI development | Kelly-Hurd bipartisan plan: cut China's AI chip access, push US resources toward AI development — arms race framing, no safety dimension",Robin Kelly (U.S. House Website)
rounds.senate.gov,Mike Rounds,Co-chaired bipartisan Senate AI Working Group with Schumer/Young/Heinrich; released 2024 national AI policy roadmap; introduced 5-bill AI package; said Congress is 'three years behind' on regulation,Mike Rounds (U.S. Senate Website)
rulli.house.gov,Michael Rulli,No AI policy or AI regulation position found,Michael Rulli (U.S. House Website)
salinas.house.gov,Andrea Salinas,"Introduced bipartisan NSF Artificial Intelligence Education Act to expand AI scholarships and centers of excellence, with explicit support for responsible AI education",Andrea Salinas (U.S. House Website)
sarajacobs.house.gov,Sara Jacobs,Jacobs backed keeping humans in the loop for nuclear launch decisions and pressed to prevent autonomous AI from launching nuclear weapons | Jacobs served on the bipartisan House AI Task Force and explicitly argued for guardrails around bias discrimination and emerging harms,Sara Jacobs (U.S. House Website)
scag.gov,Alan Wilson,"Led 28-AG coalition demanding Meta answer for AI chatbots exposing children to sexually explicit content and minor grooming simulation: ""We will not allow Big Tech to create new avenues for abuse"" | Led 44-AG coalition demanding Big Tech end predatory AI targeting of children; championed AI-CSAM criminal laws; fought federal proposal to strip states of AI regulatory authority; urged DeepSeek ban on government devices | Led coalition demanding Visa, Mastercard, PayPal, Apple Pay disclose safeguards against payments for AI deepfake pornography",
schmidt.house.gov,Derek Schmidt,Cosponsored bipartisan legislation closing loopholes for AI-generated child sexual abuse material,Derek Schmidt (U.S. House Website)
scholten.house.gov,Hillary Scholten,Advanced aviation-supply-chain digitization legislation explicitly framed around safety and security,Hillary Scholten (U.S. House Website)
schrier.house.gov,Kim Schrier,Joined Seniors Deserve SMARTER Care Act effort to block Medicare prior authorization systems that would use AI to deny care,Kim Schrier (U.S. House Website)
schweikert.house.gov,David Schweikert,'We're in trouble' on AI adoption pace – op-ed on regulating AI | Dedicated Innovation & AI issues page | NDAA amendments passed to expand AI integration in Dept of Defense | Official press release on AI-powered wearables reimbursement bill and broader healthcare AI deployment | Op-ed: Using AI to stabilize national debt,David Schweikert (U.S. House Website)
science.house.gov,Mike Collins,Federal Science Agencies and the Promise of AI hearing – opening statement (chaired),Mike Collins (U.S. House Website)
scottpeters.house.gov,Scott Peters,No AI policy or AI regulation position found,Scott Peters (U.S. House Website)
sd10.senate.ca.gov,Aisha Wahab,Campaign materials identify Wahab as an active CA-14 candidate with no AI policy or AI regulation position found after broader search,
sd11.senate.ca.gov,Scott Wiener,Authored California SB 53 creating transparency requirements safety incident reporting and whistleblower protections for frontier AI developers | Built the bill around explicit responsible AI development and governance guardrails for large scale AI systems,
sewell.house.gov,Terri Sewell,Backed Birmingham tech hub investments using AI driven biotechnology while maintaining a broader pro governance posture on election AI harms | Led a bipartisan letter urging federal action against AI generated election intimidation misinformation and voter suppression,Terri Sewell (U.S. House Website)
sheribiggs.house.gov,Sheri Biggs,Incumbent SC-03 candidacy reviewed; no AI policy or AI regulation position found,Sheri Biggs (U.S. House Website)
shontelbrown.house.gov,Shontel Brown,Co-led the AI Talent Act and said the federal government needs talent to use AI responsibly and strengthen U.S. leadership in safe deployment | Demanded oversight and privacy safeguards for surveillance technologies capable of dragnet data collection,Shontel Brown (U.S. House Website)
shreve.house.gov,Jefferson Shreve,Introduced bipartisan legislation to strengthen export-control staffing for sensitive dual-use technologies and paired it with anti-surveillance cyber legislation,Jefferson Shreve (U.S. House Website)
simon.house.gov,Lateefah Simon,Current House materials emphasize STEM and scientific research support; no AI policy or AI regulation position found,Lateefah Simon (U.S. House Website)
simpson.house.gov,Mike Simpson,Current ID-02 candidacy is clear; no AI policy or AI regulation position found,Mike Simpson (U.S. House Website)
sorensen.house.gov,Eric Sorensen,"Reintroduced the QUIET Act to require disclosure of AI robocalls and increase penalties for AI impersonation scams, explicitly framing AI misuse as a consumer-protection threat",Eric Sorensen (U.S. House Website)
spartz.house.gov,Victoria Spartz,Current IN-05 candidacy is clear; no AI policy or AI regulation position found,Victoria Spartz (U.S. House Website)
stansbury.house.gov,Melanie Stansbury,Warned that DOGE staff fed sensitive federal data into AI software and framed that misuse of AI and government data as a grave security and privacy threat,Melanie Stansbury (U.S. House Website)
stanton.house.gov,Greg Stanton,Backed CHIPS Act investments for Arizona semiconductor packaging and AI hardware supply chains but not a broader AI safety framework,Greg Stanton (U.S. House Website)
stauber.house.gov,Pete Stauber,Praised federal action to expand coal power specifically for AI data demand,Pete Stauber (U.S. House Website)
steil.house.gov,Bryan Steil,As chair of the House AI and fintech subcommittee he backs innovation friendly AI rules while also calling for consumer protections,Bryan Steil (U.S. House Website)
stevens.house.gov,Haley Stevens,Co-led letter urging $10M additional funding for NIST AI Safety Institute (USAISI) — direct pro-safety-regulation position | Led Small Business Artificial Intelligence Advancement Act (H.R.3679) directing NIST to provide AI safety resources and standards to help small businesses 'safely' adopt AI; passed full House,Haley Stevens (U.S. House Website)
strickland.house.gov,Marilyn Strickland,Hosted forum on Black innovation and artificial intelligence and discussed federal AI policy plus inclusive entrepreneurship in AI | Supports investment in minority-owned businesses and inclusive growth in emerging tech sectors including AI,Marilyn Strickland (U.S. House Website)
strong.house.gov,Dale Strong,Serves on the Armed Services cyber and innovative technologies subcommittee with explicit jurisdiction over defense AI and frames AI through national security and industrial base priorities,Dale Strong (U.S. House Website)
stutzman.house.gov,Marlin Stutzman,Current IN-03 candidacy is clear; no AI policy or AI regulation position found,Marlin Stutzman (U.S. House Website)
suozzi.house.gov,Tom Suozzi,Official materials highlight science education and app challenges but no substantive AI policy or AI regulation position found after broader search,Tom Suozzi (U.S. House Website)
susielee.house.gov,Susie Lee,Official office materials show anti-fraud work but no broader AI governance agenda beyond the child-safety bill,Susie Lee (U.S. House Website)
swalwell.house.gov,Eric Swalwell,Current House and campaign materials focus national security and democracy issues with no clear AI policy or AI regulation position found after broader search | Swalwell serves on House Courts/IP/Artificial Intelligence/Internet subcommittee — key AI oversight role in Congress,Eric Swalwell (U.S. House Website)
sykes.house.gov,Emilia Sykes,Passed committee amendment to help small manufacturers safely utilize artificial intelligence through Manufacturing Extension Partnerships | Pressed for consumer protections and guardrails as AI data centers expand across Ohio,Emilia Sykes (U.S. House Website)
sylviagarcia.house.gov,Sylvia Garcia,On her official site elevated concerns that artificial-intelligence lending tools can discriminate against women and minorities. | Serves on the House Financial Services Subcommittee on Digital Assets Financial Technology and Artificial Intelligence and has stated she will work to prevent emerging financial services from becoming exclusionary,Sylvia Garcia (U.S. House Website)
takano.house.gov,Mark Takano,Warned publicly about the need for Congress to prepare for AI and other emerging technologies rather than treat them as peripheral issues,Mark Takano (U.S. House Website)
tenney.house.gov,Claudia Tenney,"Cosponsored and publicly backed the DEFIANCE Act to give victims civil remedies against AI-generated non-consensual explicit forgeries, arguing law must keep pace with emerging technology | Supports banning Chinese AI tools from government devices as part of an America First technology-security posture",Claudia Tenney (U.S. House Website)
texasattorneygeneral.gov,Ken Paxton,First-of-its-kind settlement with healthcare AI company (Pieces Technologies) over false safety claims | Investigated Meta AI Studio and Character.AI for deceptive mental health marketing to children | Launched data privacy and security initiative targeting Big Tech and AI companies,
thanedar.house.gov,Shri Thanedar,Introduced digital literacy legislation and STEM-retention legislation | Voted for a federal regulatory framework for digital assets and framed emerging technology policy as requiring consumer protections while keeping innovation in the U.S.,Shri Thanedar (U.S. House Website)
tiffany.house.gov,Tom Tiffany,Wants coal / natural gas / nuclear to power AI data centers,Tom Tiffany (U.S. House Website)
tlaib.house.gov,Rashida Tlaib,Called for prohibiting federal funds for facial-recognition software and framed such systems as discriminatory mass-surveillance tools that should not be deployed,Rashida Tlaib (U.S. House Website)
tokuda.house.gov,Jill Tokuda,Backed U.S.-Taiwan defense innovation legislation explicitly prioritizing joint work on artificial intelligence and other emerging technologies,Jill Tokuda (U.S. House Website)
tonko.house.gov,Paul Tonko,Found support for STEM and app-development education; no AI governance or regulation position found,Paul Tonko (U.S. House Website)
torres.house.gov,Norma Torres,Introduced the International Artificial Intelligence Research Partnership Act to build AI collaboration around security democracy and human dignity,Norma Torres (U.S. House Website)
trahan.house.gov,Lori Trahan,Warned against Palantir building AI-powered profiles on Americans from pooled government data and framed the practice as a serious privacy and civil-liberties threat,Lori Trahan (U.S. House Website)
tuberville.senate.gov,Tommy Tuberville,"Co-signed bipartisan letter to Pentagon demanding inquiry into Chinese AI app DeepSeek on government devices (Feb 2025); AI focus primarily on national security vs. China, not consumer protection or domestic regulation",Tommy Tuberville (U.S. Senate Website)
turner.house.gov,Mike Turner,Found strong support for defense technology and microelectronics development; no AI policy or AI regulation position found,Mike Turner (U.S. House Website)
valadao.house.gov,David Valadao,Reintroduced bill to expand VA automation tools and AI document labeling for claims processing,David Valadao (U.S. House Website)
vanorden.house.gov,Derrick Van Orden,Official press releases and campaign materials emphasize defense innovation and veterans issues but no specific AI policy or AI regulation position found after broader search,Derrick Van Orden (U.S. House Website)
vargas.house.gov,Juan Vargas,No AI policy or AI regulation position found,Juan Vargas (U.S. House Website)
vindman.house.gov,Eugene Vindman,Introduced AI Sovereignty Act and related package to track offshore AI development and protect U.S. technological leadership,Eugene Vindman (U.S. House Website)
vote.utah.gov,Ben McAdams,Filed UT-01 Democratic candidacy; no AI policy or AI regulation position found,
vote.utah.gov,Celeste Maloy,Filed UT-03 Republican candidacy; no AI policy or AI regulation position found,
vote.utah.gov,Dave Robinson,Filed UT-01 Republican candidacy; no AI policy or AI regulation position found,
vote.utah.gov,David Harris,Filed UT-03 Republican candidacy; no AI policy or AI regulation position found,
vote.utah.gov,Jesse West,Filed UT-01 Libertarian candidacy; no AI policy or AI regulation position found,
vote.utah.gov,Jonny Larsen,Filed UT-04 Democratic candidacy; no AI policy or AI regulation position found,
vote.utah.gov,Karianne Lisonbee,Filed UT-02 Republican candidacy; no AI policy or AI regulation position found,
vote.utah.gov,Michael Farrell,Filed UT-01 Democratic candidacy; no AI policy or AI regulation position found,
vote.utah.gov,Mike Kennedy,Filed UT-04 Republican candidacy under the new map; no AI policy or AI regulation position found,
vote.utah.gov,Peter Crosby,Filed UT-02 Democratic candidacy; no AI policy or AI regulation position found,
vote.utah.gov,Phil Lyman,Filed UT-03 Republican candidacy; no AI policy or AI regulation position found,
vote.utah.gov,Riley Owen,Filed UT-01 Republican candidacy; no AI policy or AI regulation position found,
vote.utah.gov,Scott Hatfield,Filed UT-04 Republican candidacy; no AI policy or AI regulation position found,
vote.utah.gov,Seth Stewart,Filed UT-04 Republican candidacy; no AI policy or AI regulation position found,
vote.utah.gov,Steven Merrill,Filed UT-03 Democratic candidacy; no AI policy or AI regulation position found,
vote.utah.gov,Taylor Wright,Filed UT-04 Libertarian candidacy; no AI policy or AI regulation position found,
vote.utah.gov,Tyler Farnsworth,Filed UT-02 Democratic candidacy; no AI policy or AI regulation position found,
vote.utah.gov,Tyler Murset,Filed UT-03 Republican candidacy; no AI policy or AI regulation position found,
vote.utah.gov,Tyrone Jensen,Filed UT-04 Republican candidacy; no AI policy or AI regulation position found,
walberg.house.gov,Tim Walberg,Leads wireless and 6G standard-setting legislation emphasizing U.S. tech leadership and competition,Tim Walberg (U.S. House Website)
warner.senate.gov,Lindsey Graham,Co-signed Tech Accord on AI deepfakes in elections; supported Sunset Section 230 Act for AI deepfake liability; chaired 2023 Judiciary AI oversight hearing; pro-accountability but no comprehensive framework,Lindsey Graham (U.S. Senate Website)
warner.senate.gov,Mark Warner,"AI-Related Job Impacts Clarity Act (S.3108, Nov 2025) co-introduced with Josh Hawley — requires companies and federal agencies to report quarterly AI-driven job losses and workforce impacts to Dept. of Labor | Introduced bipartisan Secure AI Act of 2024 with Tillis – voluntary incident reporting database | Statement praising OpenAI for adding safety/detection mechanisms (Dec 2024) | Urged federal agencies to disclose and secure AI use (2025)",Mark Warner (U.S. Senate Website)
warner.senate.gov,Mike Rounds,"Co-introduced Economy of the Future Commission Act with Warner (March 2026) — bipartisan federal commission to study AI workforce impacts and deliver legislative recommendations on training, re-skilling, and unemployment insurance",Mike Rounds (U.S. Senate Website)
webster.house.gov,Daniel Webster,"Backed legislation banning IRS biometric data collection, showing a narrower privacy-and-biometric-governance signal relevant to AI-adjacent surveillance concerns | Introduced the USA Act to shape standards for emerging technologies like AI around private-sector-led consensus rules",Daniel Webster (U.S. House Website)
whitesides.house.gov,George Whitesides,Helped lead House Democrats pushing back against the federal AI moratorium and warned it would block states from protecting consumers | Questioned AI data center energy and water impacts in Science Committee oversight,George Whitesides (U.S. House Website)
williams.house.gov,Roger Williams,"Backed the bipartisan TAKE IT DOWN Act and said AI-generated deepfakes are being used to exploit victims, supporting takedown and accountability rules for abusive synthetic imagery. | Introduced the Blue Shield Privacy Act to update federal law for modern digital threats, explicitly adding biometric data and GPS coordinates to protected personal information. | TX-25 general-election candidacy reviewed; no AI policy or AI regulation position found",Roger Williams (U.S. House Website)
wittman.house.gov,Rob Wittman,"Cosponsored National AI Commission Act; quote: ""While AI can lead to impressive advancements, it can also lead to serious harm without proper regulation. Congress must take action to ensure AI advancements are thoughtfully and responsibly regulated.""",Rob Wittman (U.S. House Website)
www1.maine.gov,Hannah Pingree,"Served as Director of Governor Mills Office of Policy Innovation and the Future (2019-May 2025), administratively overseeing Maine AI Task Force (created Dec 2024 exec order); framed AI as holding ""tremendous promise"" while calling for ensuring benefits reach Maine people and ""minimizing disruptions""; task force produced 33 recommendations on workforce, procurement transparency, and privacy",
wyden.senate.gov,Jeff Merkley,Co-sponsored Eliminating BIAS Act — mandates civil rights offices in every federal agency that uses or oversees AI,Jeff Merkley (U.S. Senate Website)
yakym.house.gov,Rudy Yakym,Current IN-02 candidacy is clear; no AI policy or AI regulation position found,Rudy Yakym (U.S. House Website)
youngkim.house.gov,Young Kim,Served on the bipartisan House Financial Services AI Working Group and explicitly emphasized both AI opportunity and consumer risk,Young Kim (U.S. House Website)
