URL,Display_Title
https://en.wikipedia.org/wiki/2026_Georgia%27s_14th_congressional_district_special_election,2026 Georgia's 14th congressional district special election (Wikipedia)
https://en.wikipedia.org/wiki/2026_New_Jersey%27s_11th_congressional_district_special_election,2026 New Jersey's 11th congressional district special election (Wikipedia)
https://en.wikipedia.org/wiki/2026_United_States_House_of_Representatives_election_in_Delaware,2026 U.S. House election in Delaware (Wikipedia)
https://en.wikipedia.org/wiki/2026_United_States_House_of_Representatives_election_in_North_Dakota,2026 U.S. House election in North Dakota (Wikipedia)
https://en.wikipedia.org/wiki/2026_United_States_House_of_Representatives_election_in_South_Dakota,2026 U.S. House election in South Dakota (Wikipedia)
https://en.wikipedia.org/wiki/2026_United_States_House_of_Representatives_election_in_Vermont,2026 U.S. House election in Vermont (Wikipedia)
https://en.wikipedia.org/wiki/2026_United_States_House_of_Representatives_elections,2026 U.S. House elections (Wikipedia)
https://en.wikipedia.org/wiki/2026_United_States_House_of_Representatives_elections_in_Alabama,2026 U.S. House elections in Alabama (Wikipedia)
https://en.wikipedia.org/wiki/2026_United_States_House_of_Representatives_elections_in_Arizona,2026 U.S. House elections in Arizona (Wikipedia)
https://en.wikipedia.org/wiki/2026_United_States_House_of_Representatives_elections_in_California,2026 U.S. House elections in California (Wikipedia)
https://en.wikipedia.org/wiki/2026_United_States_House_of_Representatives_elections_in_Colorado,2026 U.S. House elections in Colorado (Wikipedia)
https://en.wikipedia.org/wiki/2026_United_States_House_of_Representatives_elections_in_Connecticut,2026 U.S. House elections in Connecticut (Wikipedia)
https://en.wikipedia.org/wiki/2026_United_States_House_of_Representatives_elections_in_Florida,2026 U.S. House elections in Florida (Wikipedia)
https://en.wikipedia.org/wiki/2026_United_States_House_of_Representatives_elections_in_Georgia,2026 U.S. House elections in Georgia (Wikipedia)
https://en.wikipedia.org/wiki/2026_United_States_House_of_Representatives_elections_in_Hawaii,2026 U.S. House elections in Hawaii (Wikipedia)
https://en.wikipedia.org/wiki/2026_United_States_House_of_Representatives_elections_in_Idaho,2026 U.S. House elections in Idaho (Wikipedia)
https://en.wikipedia.org/wiki/2026_United_States_House_of_Representatives_elections_in_Illinois,2026 U.S. House elections in Illinois (Wikipedia)
https://en.wikipedia.org/wiki/2026_United_States_House_of_Representatives_elections_in_Indiana,2026 U.S. House elections in Indiana (Wikipedia)
https://en.wikipedia.org/wiki/2026_United_States_House_of_Representatives_elections_in_Iowa,2026 U.S. House elections in Iowa (Wikipedia)
https://en.wikipedia.org/wiki/2026_United_States_House_of_Representatives_elections_in_Kansas,2026 U.S. House elections in Kansas (Wikipedia)
https://en.wikipedia.org/wiki/2026_United_States_House_of_Representatives_elections_in_Kentucky,2026 U.S. House elections in Kentucky (Wikipedia)
https://en.wikipedia.org/wiki/2026_United_States_House_of_Representatives_elections_in_Louisiana,2026 U.S. House elections in Louisiana (Wikipedia)
https://en.wikipedia.org/wiki/2026_United_States_House_of_Representatives_elections_in_Maine,2026 U.S. House elections in Maine (Wikipedia)
https://en.wikipedia.org/wiki/2026_United_States_House_of_Representatives_elections_in_Maryland,2026 U.S. House elections in Maryland (Wikipedia)
https://en.wikipedia.org/wiki/2026_United_States_House_of_Representatives_elections_in_Massachusetts,2026 U.S. House elections in Massachusetts (Wikipedia)
https://en.wikipedia.org/wiki/2026_United_States_House_of_Representatives_elections_in_Michigan,2026 U.S. House elections in Michigan (Wikipedia)
https://en.wikipedia.org/wiki/2026_United_States_House_of_Representatives_elections_in_Minnesota,2026 U.S. House elections in Minnesota (Wikipedia)
https://en.wikipedia.org/wiki/2026_United_States_House_of_Representatives_elections_in_Mississippi,2026 U.S. House elections in Mississippi (Wikipedia)
https://en.wikipedia.org/wiki/2026_United_States_House_of_Representatives_elections_in_Missouri,2026 U.S. House elections in Missouri (Wikipedia)
https://en.wikipedia.org/wiki/2026_United_States_House_of_Representatives_elections_in_Montana,2026 U.S. House elections in Montana (Wikipedia)
https://en.wikipedia.org/wiki/2026_United_States_House_of_Representatives_elections_in_Nebraska,2026 U.S. House elections in Nebraska (Wikipedia)
https://en.wikipedia.org/wiki/2026_United_States_House_of_Representatives_elections_in_Nevada,2026 U.S. House elections in Nevada (Wikipedia)
https://en.wikipedia.org/wiki/2026_United_States_House_of_Representatives_elections_in_New_Hampshire,2026 U.S. House elections in New Hampshire (Wikipedia)
https://en.wikipedia.org/wiki/2026_United_States_House_of_Representatives_elections_in_New_Jersey,2026 U.S. House elections in New Jersey (Wikipedia)
https://en.wikipedia.org/wiki/2026_United_States_House_of_Representatives_elections_in_New_York,2026 U.S. House elections in New York (Wikipedia)
https://en.wikipedia.org/wiki/2026_United_States_House_of_Representatives_elections_in_North_Carolina,2026 U.S. House elections in North Carolina (Wikipedia)
https://en.wikipedia.org/wiki/2026_United_States_House_of_Representatives_elections_in_Ohio,2026 U.S. House elections in Ohio (Wikipedia)
https://en.wikipedia.org/wiki/2026_United_States_House_of_Representatives_elections_in_Oklahoma,2026 U.S. House elections in Oklahoma (Wikipedia)
https://en.wikipedia.org/wiki/2026_United_States_House_of_Representatives_elections_in_Oregon,2026 U.S. House elections in Oregon (Wikipedia)
https://en.wikipedia.org/wiki/2026_United_States_House_of_Representatives_elections_in_Pennsylvania,2026 U.S. House elections in Pennsylvania (Wikipedia)
https://en.wikipedia.org/wiki/2026_United_States_House_of_Representatives_elections_in_Rhode_Island,2026 U.S. House elections in Rhode Island (Wikipedia)
https://en.wikipedia.org/wiki/2026_United_States_House_of_Representatives_elections_in_South_Carolina,2026 U.S. House elections in South Carolina (Wikipedia)
https://en.wikipedia.org/wiki/2026_United_States_House_of_Representatives_elections_in_Tennessee,2026 U.S. House elections in Tennessee (Wikipedia)
https://en.wikipedia.org/wiki/2026_United_States_House_of_Representatives_elections_in_Texas,2026 U.S. House elections in Texas (Wikipedia)
https://en.wikipedia.org/wiki/2026_United_States_House_of_Representatives_elections_in_Virginia,2026 U.S. House elections in Virginia (Wikipedia)
https://en.wikipedia.org/wiki/2026_United_States_House_of_Representatives_elections_in_Washington,2026 U.S. House elections in Washington (Wikipedia)
https://en.wikipedia.org/wiki/2026_United_States_House_of_Representatives_elections_in_Wisconsin,2026 U.S. House elections in Wisconsin (Wikipedia)
https://en.wikipedia.org/wiki/Fred_Clark_%28politician%29,Fred Clark (politician) (Wikipedia)
https://en.wikipedia.org/wiki/Gina_Hinojosa,Gina Hinojosa (Wikipedia)
https://en.wikipedia.org/wiki/John_E._Sununu,John E. Sununu (Wikipedia)
https://en.wikipedia.org/wiki/John_James_(Michigan_politician),John James (Michigan politician) (Wikipedia)
https://en.wikipedia.org/wiki/Julia_Letlow,Julia Letlow (Wikipedia)
https://en.wikipedia.org/wiki/Michael_Whatley,Michael Whatley (Wikipedia)
https://en.wikipedia.org/wiki/Mike_Rogers_(Michigan_politician),Mike Rogers (Michigan politician) (Wikipedia)
https://en.wikipedia.org/wiki/Steve_Toth,Steve Toth (Wikipedia)
